,cluster_id,svc_name,method,path,trace_id,span_id,parent_span_id,st,et,rt,xt,ct,call_size,inflight_dict,rps_dict
0,us-west-1,corecontrast,POST,/singlecore,1fc70d8e2fe0b5f8ed9821624a06dba3,740a0721e614e026,ed9821624a06dba3,6.0,33.0,27.0,27.0,27.0,-1,corecontrast@POST@/singlecore:0|,corecontrast@POST@/singlecore:16|
1,us-west-1,sslateingress,POST,/singlecore,1fc70d8e2fe0b5f8ed9821624a06dba3,ed9821624a06dba3,nan,0.0,34.0,34.0,7.0,34.0,-1,sslateingress@POST@/singlecore:0|,sslateingress@POST@/singlecore:8|
2,us-west-1,sslateingress,POST,/singlecore,ce1db3ec88521997223aef4824db1080,223aef4824db1080,nan,0.0,31.0,31.0,2.0,31.0,-1,sslateingress@POST@/singlecore:0|,sslateingress@POST@/singlecore:48|
3,us-west-1,corecontrast,POST,/singlecore,ce1db3ec88521997223aef4824db1080,b5da55298921d6a5,223aef4824db1080,1.0,30.0,29.0,29.0,29.0,-1,corecontrast@POST@/singlecore:0|,corecontrast@POST@/singlecore:20|
4,us-west-1,corecontrast,POST,/singlecore,d3c89a26dde99037a2f1adf1eb6e70cd,a30a7fc0fe212a77,a2f1adf1eb6e70cd,1.0,28.0,27.0,27.0,27.0,-1,corecontrast@POST@/singlecore:0|,corecontrast@POST@/singlecore:32|
5,us-west-1,sslateingress,POST,/singlecore,d3c89a26dde99037a2f1adf1eb6e70cd,a2f1adf1eb6e70cd,nan,0.0,28.0,28.0,1.0,28.0,-1,sslateingress@POST@/singlecore:0|,sslateingress@POST@/singlecore:40|
6,us-west-1,corecontrast,POST,/singlecore,6c3a613033b8a687801c2a7af326b2e8,0528a57e2b684ee6,801c2a7af326b2e8,2.0,30.0,28.0,28.0,28.0,-1,corecontrast@POST@/singlecore:0|,corecontrast@POST@/singlecore:20|
7,us-west-1,sslateingress,POST,/singlecore,6c3a613033b8a687801c2a7af326b2e8,801c2a7af326b2e8,nan,0.0,31.0,31.0,3.0,31.0,-1,sslateingress@POST@/singlecore:0|,sslateingress@POST@/singlecore:32|
8,us-west-1,sslateingress,POST,/singlecore,5c385602488831ff5c6a777e2636ed3a,5c6a777e2636ed3a,nan,0.0,29.0,29.0,2.0,29.0,-1,sslateingress@POST@/singlecore:0|,sslateingress@POST@/singlecore:32|
9,us-west-1,corecontrast,POST,/singlecore,5c385602488831ff5c6a777e2636ed3a,d97d11d45ca6fc13,5c6a777e2636ed3a,1.0,28.0,27.0,27.0,27.0,-1,corecontrast@POST@/singlecore:0|,corecontrast@POST@/singlecore:28|
10,us-west-1,sslateingress,POST,/singlecore,0cb412514afc2e73a2ece9270ac39d3f,a2ece9270ac39d3f,nan,0.0,30.0,30.0,2.0,30.0,-1,sslateingress@POST@/singlecore:0|,sslateingress@POST@/singlecore:32|
11,us-west-1,corecontrast,POST,/singlecore,0cb412514afc2e73a2ece9270ac39d3f,71ad8aaae0e3ab66,a2ece9270ac39d3f,1.0,29.0,28.0,28.0,28.0,-1,corecontrast@POST@/singlecore:0|,corecontrast@POST@/singlecore:40|
12,us-west-1,corecontrast,POST,/singlecore,c44d36f51441dd868c3a6cb06d1ad20d,0548495708934d26,8c3a6cb06d1ad20d,1.0,28.0,27.0,27.0,27.0,-1,corecontrast@POST@/singlecore:0|,corecontrast@POST@/singlecore:52|
13,us-west-1,sslateingress,POST,/singlecore,c44d36f51441dd868c3a6cb06d1ad20d,8c3a6cb06d1ad20d,nan,0.0,29.0,29.0,2.0,29.0,-1,sslateingress@POST@/singlecore:0|,sslateingress@POST@/singlecore:32|
14,us-west-1,sslateingress,POST,/singlecore,342ed268cbcf7cc367c2c5ce6da1085f,67c2c5ce6da1085f,nan,0.0,30.0,30.0,3.0,30.0,-1,sslateingress@POST@/singlecore:0|,sslateingress@POST@/singlecore:36|
15,us-west-1,corecontrast,POST,/singlecore,342ed268cbcf7cc367c2c5ce6da1085f,6f2e601460e1fe4d,67c2c5ce6da1085f,2.0,29.0,27.0,27.0,27.0,-1,corecontrast@POST@/singlecore:0|,corecontrast@POST@/singlecore:20|
16,us-west-1,corecontrast,POST,/singlecore,f67686f8322c449b880524d6d9e2ebb6,9edf45aa949cd232,880524d6d9e2ebb6,1.0,158.0,157.0,157.0,157.0,-1,corecontrast@POST@/singlecore:0|,corecontrast@POST@/singlecore:32|
17,us-west-1,sslateingress,POST,/singlecore,f67686f8322c449b880524d6d9e2ebb6,880524d6d9e2ebb6,nan,0.0,159.0,159.0,2.0,159.0,-1,sslateingress@POST@/singlecore:0|,sslateingress@POST@/singlecore:20|
18,us-west-1,sslateingress,POST,/singlecore,f5ee0a6684f4fe974f3185cb5a3a2ca3,4f3185cb5a3a2ca3,nan,0.0,32.0,32.0,3.0,32.0,-1,sslateingress@POST@/singlecore:0|,sslateingress@POST@/singlecore:24|
19,us-west-1,corecontrast,POST,/singlecore,f5ee0a6684f4fe974f3185cb5a3a2ca3,2b19eaf7a806f758,4f3185cb5a3a2ca3,2.0,31.0,29.0,29.0,29.0,-1,corecontrast@POST@/singlecore:0|,corecontrast@POST@/singlecore:40|
20,us-west-1,sslateingress,POST,/singlecore,8ab040d9121e8947aafd6992f0407f66,aafd6992f0407f66,nan,0.0,29.0,29.0,2.0,29.0,-1,sslateingress@POST@/singlecore:0|,sslateingress@POST@/singlecore:28|
21,us-west-1,corecontrast,POST,/singlecore,8ab040d9121e8947aafd6992f0407f66,275d49e6d74a74c7,aafd6992f0407f66,1.0,28.0,27.0,27.0,27.0,-1,corecontrast@POST@/singlecore:0|,corecontrast@POST@/singlecore:28|
22,us-west-1,sslateingress,POST,/singlecore,1df5f92ab09f277da5ece3f8cd435c83,a5ece3f8cd435c83,nan,0.0,31.0,31.0,2.0,31.0,-1,sslateingress@POST@/singlecore:0|,sslateingress@POST@/singlecore:28|
23,us-west-1,corecontrast,POST,/singlecore,1df5f92ab09f277da5ece3f8cd435c83,46a449c605d3ddbc,a5ece3f8cd435c83,1.0,30.0,29.0,29.0,29.0,-1,corecontrast@POST@/singlecore:0|,corecontrast@POST@/singlecore:20|
24,us-west-1,sslateingress,POST,/singlecore,cea07642b08f054768784f0a4a54a5b6,68784f0a4a54a5b6,nan,0.0,28.0,28.0,2.0,28.0,-1,sslateingress@POST@/singlecore:0|,sslateingress@POST@/singlecore:32|
25,us-west-1,corecontrast,POST,/singlecore,cea07642b08f054768784f0a4a54a5b6,f2e4763703ec7962,68784f0a4a54a5b6,1.0,27.0,26.0,26.0,26.0,-1,corecontrast@POST@/singlecore:0|,corecontrast@POST@/singlecore:32|
26,us-west-1,corecontrast,POST,/singlecore,c214f2275685c5c6a4006fea7a059154,11833282ce35f378,a4006fea7a059154,1.0,31.0,30.0,30.0,30.0,-1,corecontrast@POST@/singlecore:0|,corecontrast@POST@/singlecore:36|
27,us-west-1,sslateingress,POST,/singlecore,c214f2275685c5c6a4006fea7a059154,a4006fea7a059154,nan,0.0,32.0,32.0,2.0,32.0,-1,sslateingress@POST@/singlecore:0|,sslateingress@POST@/singlecore:16|
28,us-west-1,corecontrast,POST,/singlecore,9968347044e73a45d66e01ed23ab4f04,4d98f94013245769,d66e01ed23ab4f04,1.0,31.0,30.0,30.0,30.0,-1,corecontrast@POST@/singlecore:0|,corecontrast@POST@/singlecore:36|
29,us-west-1,sslateingress,POST,/singlecore,9968347044e73a45d66e01ed23ab4f04,d66e01ed23ab4f04,nan,0.0,32.0,32.0,2.0,32.0,-1,sslateingress@POST@/singlecore:0|,sslateingress@POST@/singlecore:28|
30,us-west-1,corecontrast,POST,/singlecore,0ebf7f595e7d40cf15edd2682993a127,a36ce21ca2ec2dfd,15edd2682993a127,1.0,29.0,28.0,28.0,28.0,-1,corecontrast@POST@/singlecore:0|,corecontrast@POST@/singlecore:24|
31,us-west-1,sslateingress,POST,/singlecore,0ebf7f595e7d40cf15edd2682993a127,15edd2682993a127,nan,0.0,30.0,30.0,2.0,30.0,-1,sslateingress@POST@/singlecore:0|,sslateingress@POST@/singlecore:28|
32,us-west-1,sslateingress,POST,/singlecore,c8a13965d4191e2dc44323c645b7d1dd,c44323c645b7d1dd,nan,0.0,30.0,30.0,2.0,30.0,-1,sslateingress@POST@/singlecore:0|,sslateingress@POST@/singlecore:44|
33,us-west-1,corecontrast,POST,/singlecore,c8a13965d4191e2dc44323c645b7d1dd,1bccf68500f47342,c44323c645b7d1dd,1.0,29.0,28.0,28.0,28.0,-1,corecontrast@POST@/singlecore:0|,corecontrast@POST@/singlecore:32|
34,us-west-1,sslateingress,POST,/singlecore,ac8ab7a5d6cfac2538b4ea750d949bbc,38b4ea750d949bbc,nan,0.0,30.0,30.0,2.0,30.0,-1,sslateingress@POST@/singlecore:0|,sslateingress@POST@/singlecore:28|
35,us-west-1,corecontrast,POST,/singlecore,ac8ab7a5d6cfac2538b4ea750d949bbc,dacb989afe245526,38b4ea750d949bbc,1.0,29.0,28.0,28.0,28.0,-1,corecontrast@POST@/singlecore:0|,corecontrast@POST@/singlecore:24|
36,us-west-1,sslateingress,POST,/singlecore,b2a33ef736da0394d6b067f88fce2bda,d6b067f88fce2bda,nan,0.0,29.0,29.0,2.0,29.0,-1,sslateingress@POST@/singlecore:0|,sslateingress@POST@/singlecore:40|
37,us-west-1,corecontrast,POST,/singlecore,b2a33ef736da0394d6b067f88fce2bda,df33d19826d69dd2,d6b067f88fce2bda,1.0,28.0,27.0,27.0,27.0,-1,corecontrast@POST@/singlecore:0|,corecontrast@POST@/singlecore:20|
38,us-west-1,sslateingress,POST,/singlecore,09aa9a4fb2d0fb79b85b604679e509ee,b85b604679e509ee,nan,0.0,29.0,29.0,2.0,29.0,-1,sslateingress@POST@/singlecore:0|,sslateingress@POST@/singlecore:36|
39,us-west-1,corecontrast,POST,/singlecore,09aa9a4fb2d0fb79b85b604679e509ee,a2742250ef3ea688,b85b604679e509ee,1.0,28.0,27.0,27.0,27.0,-1,corecontrast@POST@/singlecore:0|,corecontrast@POST@/singlecore:48|
40,us-west-1,corecontrast,POST,/singlecore,0d1939e9babfe0aaf3cec7d6f0749867,20932b5680aa764b,f3cec7d6f0749867,1.0,30.0,29.0,29.0,29.0,-1,corecontrast@POST@/singlecore:0|,corecontrast@POST@/singlecore:40|
41,us-west-1,sslateingress,POST,/singlecore,0d1939e9babfe0aaf3cec7d6f0749867,f3cec7d6f0749867,nan,0.0,31.0,31.0,2.0,31.0,-1,sslateingress@POST@/singlecore:0|,sslateingress@POST@/singlecore:32|
42,us-west-1,sslateingress,POST,/singlecore,dc6bd641809a7feeb64423e14f93bd8e,b64423e14f93bd8e,nan,0.0,29.0,29.0,2.0,29.0,-1,sslateingress@POST@/singlecore:0|,sslateingress@POST@/singlecore:32|
43,us-west-1,corecontrast,POST,/singlecore,dc6bd641809a7feeb64423e14f93bd8e,9ae627638d87e627,b64423e14f93bd8e,1.0,28.0,27.0,27.0,27.0,-1,corecontrast@POST@/singlecore:0|,corecontrast@POST@/singlecore:36|
44,us-west-1,sslateingress,POST,/singlecore,970fdc294be1d002ed5e9caf94bb951f,ed5e9caf94bb951f,nan,0.0,31.0,31.0,3.0,31.0,-1,sslateingress@POST@/singlecore:0|,sslateingress@POST@/singlecore:28|
45,us-west-1,corecontrast,POST,/singlecore,970fdc294be1d002ed5e9caf94bb951f,a59768d8e2cbc589,ed5e9caf94bb951f,2.0,30.0,28.0,28.0,28.0,-1,corecontrast@POST@/singlecore:0|,corecontrast@POST@/singlecore:40|
46,us-west-1,sslateingress,POST,/singlecore,44711c40f9932d95bf49368060dd25f1,bf49368060dd25f1,nan,0.0,32.0,32.0,2.0,32.0,-1,sslateingress@POST@/singlecore:0|,sslateingress@POST@/singlecore:24|
47,us-west-1,corecontrast,POST,/singlecore,44711c40f9932d95bf49368060dd25f1,9b15f06ab4753386,bf49368060dd25f1,1.0,31.0,30.0,30.0,30.0,-1,corecontrast@POST@/singlecore:0|,corecontrast@POST@/singlecore:24|
48,us-west-1,sslateingress,POST,/singlecore,d00a604a1dedb640eb7f8b0999728c64,eb7f8b0999728c64,nan,0.0,30.0,30.0,1.0,30.0,-1,sslateingress@POST@/singlecore:0|,sslateingress@POST@/singlecore:28|
49,us-west-1,corecontrast,POST,/singlecore,d00a604a1dedb640eb7f8b0999728c64,c62caecd2ae754e1,eb7f8b0999728c64,1.0,30.0,29.0,29.0,29.0,-1,corecontrast@POST@/singlecore:0|,corecontrast@POST@/singlecore:24|
50,us-west-1,corecontrast,POST,/singlecore,8994c23df8bb4068d0d33831f70f7e65,0a62c3b68e5aefcb,d0d33831f70f7e65,1.0,29.0,28.0,28.0,28.0,-1,corecontrast@POST@/singlecore:0|,corecontrast@POST@/singlecore:24|
51,us-west-1,sslateingress,POST,/singlecore,8994c23df8bb4068d0d33831f70f7e65,d0d33831f70f7e65,nan,0.0,30.0,30.0,2.0,30.0,-1,sslateingress@POST@/singlecore:0|,sslateingress@POST@/singlecore:28|
52,us-west-1,sslateingress,POST,/singlecore,85ec365ac3fa789d71c046360a5bef7a,71c046360a5bef7a,nan,0.0,31.0,31.0,2.0,31.0,-1,sslateingress@POST@/singlecore:0|,sslateingress@POST@/singlecore:28|
53,us-west-1,corecontrast,POST,/singlecore,85ec365ac3fa789d71c046360a5bef7a,a50d04b7d29fd394,71c046360a5bef7a,1.0,30.0,29.0,29.0,29.0,-1,corecontrast@POST@/singlecore:0|,corecontrast@POST@/singlecore:36|
54,us-west-1,sslateingress,POST,/singlecore,690d7e6626273391feb35c6d59f9bab6,feb35c6d59f9bab6,nan,0.0,29.0,29.0,2.0,29.0,-1,sslateingress@POST@/singlecore:0|,sslateingress@POST@/singlecore:20|
55,us-west-1,corecontrast,POST,/singlecore,690d7e6626273391feb35c6d59f9bab6,4adc2a322469333b,feb35c6d59f9bab6,1.0,28.0,27.0,27.0,27.0,-1,corecontrast@POST@/singlecore:0|,corecontrast@POST@/singlecore:16|
56,us-west-1,corecontrast,POST,/singlecore,180a57e6d1db71704a6ddf81e93509a5,45c8cc483b66540c,4a6ddf81e93509a5,1.0,29.0,28.0,28.0,28.0,-1,corecontrast@POST@/singlecore:0|,corecontrast@POST@/singlecore:12|
57,us-west-1,sslateingress,POST,/singlecore,180a57e6d1db71704a6ddf81e93509a5,4a6ddf81e93509a5,nan,0.0,30.0,30.0,2.0,30.0,-1,sslateingress@POST@/singlecore:0|,sslateingress@POST@/singlecore:32|
58,us-west-1,corecontrast,POST,/singlecore,7ee27db4e63798c202db72b353ae82b0,96f05f0f64d4513e,02db72b353ae82b0,1.0,30.0,29.0,29.0,29.0,-1,corecontrast@POST@/singlecore:0|,corecontrast@POST@/singlecore:20|
59,us-west-1,sslateingress,POST,/singlecore,7ee27db4e63798c202db72b353ae82b0,02db72b353ae82b0,nan,0.0,31.0,31.0,2.0,31.0,-1,sslateingress@POST@/singlecore:0|,sslateingress@POST@/singlecore:44|
60,us-west-1,sslateingress,POST,/singlecore,49bd9fbb4980ac64f65d2f7238fe5b1f,f65d2f7238fe5b1f,nan,0.0,30.0,30.0,2.0,30.0,-1,sslateingress@POST@/singlecore:0|,sslateingress@POST@/singlecore:36|
61,us-west-1,corecontrast,POST,/singlecore,49bd9fbb4980ac64f65d2f7238fe5b1f,e56370cfb7da9e76,f65d2f7238fe5b1f,1.0,29.0,28.0,28.0,28.0,-1,corecontrast@POST@/singlecore:0|,corecontrast@POST@/singlecore:28|
62,us-west-1,corecontrast,POST,/singlecore,e6ad1534ab0917558a28db8bc9816b84,b807623dad673280,8a28db8bc9816b84,1.0,31.0,30.0,30.0,30.0,-1,corecontrast@POST@/singlecore:0|,corecontrast@POST@/singlecore:40|
63,us-west-1,sslateingress,POST,/singlecore,e6ad1534ab0917558a28db8bc9816b84,8a28db8bc9816b84,nan,0.0,32.0,32.0,2.0,32.0,-1,sslateingress@POST@/singlecore:0|,sslateingress@POST@/singlecore:36|
64,us-west-1,sslateingress,POST,/singlecore,cd45e38c0014c01caee8fcf8a781dbdf,aee8fcf8a781dbdf,nan,0.0,31.0,31.0,2.0,31.0,-1,sslateingress@POST@/singlecore:0|,sslateingress@POST@/singlecore:36|
65,us-west-1,corecontrast,POST,/singlecore,cd45e38c0014c01caee8fcf8a781dbdf,71a9af081dd51477,aee8fcf8a781dbdf,1.0,30.0,29.0,29.0,29.0,-1,corecontrast@POST@/singlecore:0|,corecontrast@POST@/singlecore:40|
66,us-west-1,sslateingress,POST,/singlecore,4ae75517adf4084e51db885203aa5388,51db885203aa5388,nan,0.0,215.0,215.0,2.0,215.0,-1,sslateingress@POST@/singlecore:0|,sslateingress@POST@/singlecore:32|
67,us-west-1,corecontrast,POST,/singlecore,4ae75517adf4084e51db885203aa5388,22410941ff1f7334,51db885203aa5388,1.0,214.0,213.0,213.0,213.0,-1,corecontrast@POST@/singlecore:0|,corecontrast@POST@/singlecore:36|
68,us-west-1,sslateingress,POST,/singlecore,8887e5ca120325046140a039459cec4d,6140a039459cec4d,nan,0.0,29.0,29.0,2.0,29.0,-1,sslateingress@POST@/singlecore:0|,sslateingress@POST@/singlecore:36|
69,us-west-1,corecontrast,POST,/singlecore,8887e5ca120325046140a039459cec4d,e11df659c4ee8f98,6140a039459cec4d,1.0,28.0,27.0,27.0,27.0,-1,corecontrast@POST@/singlecore:0|,corecontrast@POST@/singlecore:36|
70,us-west-1,sslateingress,POST,/singlecore,69d6be1b7224d2941698240fccb02ce2,1698240fccb02ce2,nan,0.0,29.0,29.0,2.0,29.0,-1,sslateingress@POST@/singlecore:0|,sslateingress@POST@/singlecore:40|
71,us-west-1,corecontrast,POST,/singlecore,69d6be1b7224d2941698240fccb02ce2,5d907099bc485acc,1698240fccb02ce2,1.0,28.0,27.0,27.0,27.0,-1,corecontrast@POST@/singlecore:0|,corecontrast@POST@/singlecore:32|
72,us-west-1,corecontrast,POST,/singlecore,aa78b96880bcb8784285ec48c1b0991a,0c613320e584b196,4285ec48c1b0991a,0.0,28.0,28.0,28.0,28.0,-1,corecontrast@POST@/singlecore:0|,corecontrast@POST@/singlecore:32|
73,us-west-1,sslateingress,POST,/singlecore,aa78b96880bcb8784285ec48c1b0991a,4285ec48c1b0991a,nan,0.0,28.0,28.0,0.0,28.0,-1,sslateingress@POST@/singlecore:0|,sslateingress@POST@/singlecore:24|
74,us-west-1,corecontrast,POST,/singlecore,26983d4355d78e6e77308bdd72da4dbf,efc4815fb7b8e974,77308bdd72da4dbf,1.0,31.0,30.0,30.0,30.0,-1,corecontrast@POST@/singlecore:0|,corecontrast@POST@/singlecore:28|
75,us-west-1,sslateingress,POST,/singlecore,26983d4355d78e6e77308bdd72da4dbf,77308bdd72da4dbf,nan,0.0,32.0,32.0,2.0,32.0,-1,sslateingress@POST@/singlecore:0|,sslateingress@POST@/singlecore:28|
76,us-west-1,corecontrast,POST,/singlecore,2f78281346032e636391761bfe4bc2e9,719e7d84d5cc7f33,6391761bfe4bc2e9,1.0,29.0,28.0,28.0,28.0,-1,corecontrast@POST@/singlecore:0|,corecontrast@POST@/singlecore:32|
77,us-west-1,sslateingress,POST,/singlecore,2f78281346032e636391761bfe4bc2e9,6391761bfe4bc2e9,nan,0.0,30.0,30.0,2.0,30.0,-1,sslateingress@POST@/singlecore:0|,sslateingress@POST@/singlecore:24|
78,us-west-1,sslateingress,POST,/singlecore,4ca607270b7cf6ec5607a80c3f4d306c,5607a80c3f4d306c,nan,0.0,29.0,29.0,2.0,29.0,-1,sslateingress@POST@/singlecore:0|,sslateingress@POST@/singlecore:36|
79,us-west-1,corecontrast,POST,/singlecore,4ca607270b7cf6ec5607a80c3f4d306c,495ac071e185a6c4,5607a80c3f4d306c,1.0,28.0,27.0,27.0,27.0,-1,corecontrast@POST@/singlecore:0|,corecontrast@POST@/singlecore:28|
80,us-west-1,sslateingress,POST,/singlecore,dc9813c4e2603e50e2ab90eec161e605,e2ab90eec161e605,nan,0.0,31.0,31.0,2.0,31.0,-1,sslateingress@POST@/singlecore:0|,sslateingress@POST@/singlecore:20|
81,us-west-1,corecontrast,POST,/singlecore,dc9813c4e2603e50e2ab90eec161e605,c7740d94447b85e1,e2ab90eec161e605,1.0,30.0,29.0,29.0,29.0,-1,corecontrast@POST@/singlecore:0|,corecontrast@POST@/singlecore:24|
82,us-west-1,corecontrast,POST,/singlecore,91f46b84dfaa2061f8790fd863dff7f9,f6ceb19b51f3a813,f8790fd863dff7f9,1.0,28.0,27.0,27.0,27.0,-1,corecontrast@POST@/singlecore:0|,corecontrast@POST@/singlecore:24|
83,us-west-1,sslateingress,POST,/singlecore,91f46b84dfaa2061f8790fd863dff7f9,f8790fd863dff7f9,nan,0.0,29.0,29.0,2.0,29.0,-1,sslateingress@POST@/singlecore:0|,sslateingress@POST@/singlecore:32|
84,us-west-1,sslateingress,POST,/singlecore,0de9b1bcad74c52a786c91518bd61a72,786c91518bd61a72,nan,0.0,30.0,30.0,2.0,30.0,-1,sslateingress@POST@/singlecore:0|,sslateingress@POST@/singlecore:28|
85,us-west-1,corecontrast,POST,/singlecore,0de9b1bcad74c52a786c91518bd61a72,3849a1cdb6b69966,786c91518bd61a72,1.0,29.0,28.0,28.0,28.0,-1,corecontrast@POST@/singlecore:0|,corecontrast@POST@/singlecore:24|
86,us-west-1,sslateingress,POST,/singlecore,d0ed420dc72330860ffbd12030330c0f,0ffbd12030330c0f,nan,0.0,29.0,29.0,2.0,29.0,-1,sslateingress@POST@/singlecore:0|,sslateingress@POST@/singlecore:36|
87,us-west-1,corecontrast,POST,/singlecore,d0ed420dc72330860ffbd12030330c0f,8f1b4d45523fe09f,0ffbd12030330c0f,1.0,28.0,27.0,27.0,27.0,-1,corecontrast@POST@/singlecore:0|,corecontrast@POST@/singlecore:40|
88,us-west-1,sslateingress,POST,/singlecore,1664686f6b32518d45caab6c87133dd0,45caab6c87133dd0,nan,0.0,29.0,29.0,2.0,29.0,-1,sslateingress@POST@/singlecore:0|,sslateingress@POST@/singlecore:24|
89,us-west-1,corecontrast,POST,/singlecore,1664686f6b32518d45caab6c87133dd0,39615e5ea6825593,45caab6c87133dd0,1.0,28.0,27.0,27.0,27.0,-1,corecontrast@POST@/singlecore:0|,corecontrast@POST@/singlecore:8|
90,us-west-1,sslateingress,POST,/singlecore,04ae04851794a676bf63f9506c9963c4,bf63f9506c9963c4,nan,0.0,30.0,30.0,2.0,30.0,-1,sslateingress@POST@/singlecore:0|,sslateingress@POST@/singlecore:24|
91,us-west-1,corecontrast,POST,/singlecore,04ae04851794a676bf63f9506c9963c4,60c367cb79dae6ce,bf63f9506c9963c4,1.0,29.0,28.0,28.0,28.0,-1,corecontrast@POST@/singlecore:0|,corecontrast@POST@/singlecore:36|
92,us-west-1,sslateingress,POST,/singlecore,eafec3cac7e4d3513004002cdc4e47ba,3004002cdc4e47ba,nan,0.0,30.0,30.0,2.0,30.0,-1,sslateingress@POST@/singlecore:0|,sslateingress@POST@/singlecore:28|
93,us-west-1,corecontrast,POST,/singlecore,eafec3cac7e4d3513004002cdc4e47ba,bed6fc31a5bd17fe,3004002cdc4e47ba,1.0,29.0,28.0,28.0,28.0,-1,corecontrast@POST@/singlecore:0|,corecontrast@POST@/singlecore:24|
94,us-west-1,corecontrast,POST,/singlecore,6280c0ab76ef0e682b5acb1f7d667644,51351faa9b67b541,2b5acb1f7d667644,1.0,30.0,29.0,29.0,29.0,-1,corecontrast@POST@/singlecore:0|,corecontrast@POST@/singlecore:24|
95,us-west-1,sslateingress,POST,/singlecore,6280c0ab76ef0e682b5acb1f7d667644,2b5acb1f7d667644,nan,0.0,31.0,31.0,2.0,31.0,-1,sslateingress@POST@/singlecore:0|,sslateingress@POST@/singlecore:24|
96,us-west-1,corecontrast,POST,/singlecore,4a30bee7ba363c34e3093e63d7b70a6e,7a514d4ddf349a9c,e3093e63d7b70a6e,1.0,29.0,28.0,28.0,28.0,-1,corecontrast@POST@/singlecore:0|,corecontrast@POST@/singlecore:20|
97,us-west-1,sslateingress,POST,/singlecore,4a30bee7ba363c34e3093e63d7b70a6e,e3093e63d7b70a6e,nan,0.0,30.0,30.0,2.0,30.0,-1,sslateingress@POST@/singlecore:0|,sslateingress@POST@/singlecore:24|
98,us-west-1,corecontrast,POST,/singlecore,12e513a4d4a3ccc4052fbde246c0f8e4,f5d91a66a08d2b75,052fbde246c0f8e4,1.0,28.0,27.0,27.0,27.0,-1,corecontrast@POST@/singlecore:0|,corecontrast@POST@/singlecore:40|
99,us-west-1,sslateingress,POST,/singlecore,12e513a4d4a3ccc4052fbde246c0f8e4,052fbde246c0f8e4,nan,0.0,29.0,29.0,2.0,29.0,-1,sslateingress@POST@/singlecore:0|,sslateingress@POST@/singlecore:28|
100,us-west-1,corecontrast,POST,/singlecore,d60252ce3e63b57e423c4133b4009f1d,8f714193935b8392,423c4133b4009f1d,1.0,28.0,27.0,27.0,27.0,-1,corecontrast@POST@/singlecore:0|,corecontrast@POST@/singlecore:20|
101,us-west-1,sslateingress,POST,/singlecore,d60252ce3e63b57e423c4133b4009f1d,423c4133b4009f1d,nan,0.0,28.0,28.0,1.0,28.0,-1,sslateingress@POST@/singlecore:0|,sslateingress@POST@/singlecore:48|
102,us-west-1,corecontrast,POST,/singlecore,6e65c65d32ce299c4acff19f509da32e,910ea00a79912129,4acff19f509da32e,1.0,28.0,27.0,27.0,27.0,-1,corecontrast@POST@/singlecore:0|,corecontrast@POST@/singlecore:24|
103,us-west-1,sslateingress,POST,/singlecore,6e65c65d32ce299c4acff19f509da32e,4acff19f509da32e,nan,0.0,29.0,29.0,2.0,29.0,-1,sslateingress@POST@/singlecore:0|,sslateingress@POST@/singlecore:28|
104,us-west-1,sslateingress,POST,/singlecore,fd7f54d9dc3f5890d7ef736f19120dce,d7ef736f19120dce,nan,0.0,29.0,29.0,2.0,29.0,-1,sslateingress@POST@/singlecore:0|,sslateingress@POST@/singlecore:16|
105,us-west-1,corecontrast,POST,/singlecore,fd7f54d9dc3f5890d7ef736f19120dce,e41284c3fcfeadd5,d7ef736f19120dce,1.0,28.0,27.0,27.0,27.0,-1,corecontrast@POST@/singlecore:0|,corecontrast@POST@/singlecore:24|
106,us-west-1,sslateingress,POST,/singlecore,898886d96fdb28937beb1a2cad8f16e1,7beb1a2cad8f16e1,nan,0.0,30.0,30.0,3.0,30.0,-1,sslateingress@POST@/singlecore:0|,sslateingress@POST@/singlecore:32|
107,us-west-1,corecontrast,POST,/singlecore,898886d96fdb28937beb1a2cad8f16e1,ca601ada4b29dfb0,7beb1a2cad8f16e1,2.0,29.0,27.0,27.0,27.0,-1,corecontrast@POST@/singlecore:0|,corecontrast@POST@/singlecore:40|
108,us-west-1,sslateingress,POST,/singlecore,a219bf46091927dd37f253d2594d6cb4,37f253d2594d6cb4,nan,0.0,29.0,29.0,2.0,29.0,-1,sslateingress@POST@/singlecore:0|,sslateingress@POST@/singlecore:24|
109,us-west-1,corecontrast,POST,/singlecore,a219bf46091927dd37f253d2594d6cb4,99774bb5e1ff96df,37f253d2594d6cb4,1.0,28.0,27.0,27.0,27.0,-1,corecontrast@POST@/singlecore:0|,corecontrast@POST@/singlecore:44|
110,us-west-1,sslateingress,POST,/singlecore,3440e5812677c63f98111148095edafb,98111148095edafb,nan,0.0,35.0,35.0,2.0,35.0,-1,sslateingress@POST@/singlecore:0|,sslateingress@POST@/singlecore:16|
111,us-west-1,corecontrast,POST,/singlecore,3440e5812677c63f98111148095edafb,7b69fd716f1c0c79,98111148095edafb,1.0,34.0,33.0,33.0,33.0,-1,corecontrast@POST@/singlecore:0|,corecontrast@POST@/singlecore:36|
112,us-west-1,sslateingress,POST,/singlecore,1cbc1996023cf0b5d7d0cd0dee0bf66b,d7d0cd0dee0bf66b,nan,0.0,30.0,30.0,3.0,30.0,-1,sslateingress@POST@/singlecore:0|,sslateingress@POST@/singlecore:20|
113,us-west-1,corecontrast,POST,/singlecore,1cbc1996023cf0b5d7d0cd0dee0bf66b,3543c30edbdbf6c6,d7d0cd0dee0bf66b,2.0,29.0,27.0,27.0,27.0,-1,corecontrast@POST@/singlecore:0|,corecontrast@POST@/singlecore:44|
114,us-west-1,corecontrast,POST,/singlecore,305cf9de4fc826f2f36cd2c9f284dbff,b4621aa8751b3b8b,f36cd2c9f284dbff,1.0,29.0,28.0,28.0,28.0,-1,corecontrast@POST@/singlecore:0|,corecontrast@POST@/singlecore:44|
115,us-west-1,sslateingress,POST,/singlecore,305cf9de4fc826f2f36cd2c9f284dbff,f36cd2c9f284dbff,nan,0.0,30.0,30.0,2.0,30.0,-1,sslateingress@POST@/singlecore:0|,sslateingress@POST@/singlecore:32|
116,us-west-1,sslateingress,POST,/singlecore,dc571c93a101a23311ff1663804d1509,11ff1663804d1509,nan,0.0,30.0,30.0,2.0,30.0,-1,sslateingress@POST@/singlecore:0|,sslateingress@POST@/singlecore:20|
117,us-west-1,corecontrast,POST,/singlecore,dc571c93a101a23311ff1663804d1509,17674dbbac5a8861,11ff1663804d1509,1.0,29.0,28.0,28.0,28.0,-1,corecontrast@POST@/singlecore:0|,corecontrast@POST@/singlecore:28|
118,us-west-1,sslateingress,POST,/singlecore,9b71376645ccd09326569fe4c89cfe82,26569fe4c89cfe82,nan,0.0,30.0,30.0,2.0,30.0,-1,sslateingress@POST@/singlecore:0|,sslateingress@POST@/singlecore:32|
119,us-west-1,corecontrast,POST,/singlecore,9b71376645ccd09326569fe4c89cfe82,e9895418cc713749,26569fe4c89cfe82,1.0,29.0,28.0,28.0,28.0,-1,corecontrast@POST@/singlecore:0|,corecontrast@POST@/singlecore:32|
120,us-west-1,corecontrast,POST,/singlecore,ac7a2fd290353dc901557ca5b9c3a063,2a8fcfaf6b1a11e2,01557ca5b9c3a063,2.0,30.0,28.0,28.0,28.0,-1,corecontrast@POST@/singlecore:0|,corecontrast@POST@/singlecore:32|
121,us-west-1,sslateingress,POST,/singlecore,ac7a2fd290353dc901557ca5b9c3a063,01557ca5b9c3a063,nan,0.0,31.0,31.0,3.0,31.0,-1,sslateingress@POST@/singlecore:0|,sslateingress@POST@/singlecore:36|
122,us-west-1,corecontrast,POST,/singlecore,1c96647058bbcba433bc6acf207a23ce,1604534a10c64ddd,33bc6acf207a23ce,0.0,27.0,27.0,27.0,27.0,-1,corecontrast@POST@/singlecore:0|,corecontrast@POST@/singlecore:40|
123,us-west-1,sslateingress,POST,/singlecore,1c96647058bbcba433bc6acf207a23ce,33bc6acf207a23ce,nan,0.0,28.0,28.0,1.0,28.0,-1,sslateingress@POST@/singlecore:0|,sslateingress@POST@/singlecore:28|
124,us-west-1,sslateingress,POST,/singlecore,4ffad345ee1417215b9c882b2b6b2288,5b9c882b2b6b2288,nan,0.0,144.0,144.0,2.0,144.0,-1,sslateingress@POST@/singlecore:0|,sslateingress@POST@/singlecore:36|
125,us-west-1,corecontrast,POST,/singlecore,4ffad345ee1417215b9c882b2b6b2288,fa58bbbdc1aa7fa2,5b9c882b2b6b2288,1.0,143.0,142.0,142.0,142.0,-1,corecontrast@POST@/singlecore:0|,corecontrast@POST@/singlecore:36|
126,us-west-1,corecontrast,POST,/singlecore,b3c22bc999a8705c8d531af0ae2f3958,6e1e38780e053abb,8d531af0ae2f3958,1.0,29.0,28.0,28.0,28.0,-1,corecontrast@POST@/singlecore:0|,corecontrast@POST@/singlecore:32|
127,us-west-1,sslateingress,POST,/singlecore,b3c22bc999a8705c8d531af0ae2f3958,8d531af0ae2f3958,nan,0.0,30.0,30.0,2.0,30.0,-1,sslateingress@POST@/singlecore:0|,sslateingress@POST@/singlecore:24|
128,us-west-1,corecontrast,POST,/singlecore,86caed320a3045752384d0244efa4792,cd868f91875ad00c,2384d0244efa4792,1.0,28.0,27.0,27.0,27.0,-1,corecontrast@POST@/singlecore:0|,corecontrast@POST@/singlecore:32|
129,us-west-1,sslateingress,POST,/singlecore,86caed320a3045752384d0244efa4792,2384d0244efa4792,nan,0.0,29.0,29.0,2.0,29.0,-1,sslateingress@POST@/singlecore:0|,sslateingress@POST@/singlecore:40|
130,us-west-1,corecontrast,POST,/singlecore,69870e1465da76bd8f07422bf57e175c,02361170be7d2dcb,8f07422bf57e175c,1.0,28.0,27.0,27.0,27.0,-1,corecontrast@POST@/singlecore:0|,corecontrast@POST@/singlecore:36|
131,us-west-1,sslateingress,POST,/singlecore,69870e1465da76bd8f07422bf57e175c,8f07422bf57e175c,nan,0.0,29.0,29.0,2.0,29.0,-1,sslateingress@POST@/singlecore:0|,sslateingress@POST@/singlecore:28|
132,us-west-1,corecontrast,POST,/singlecore,953c5da358361440296a55c21a96946a,93a6e0cb83b4db98,296a55c21a96946a,1.0,30.0,29.0,29.0,29.0,-1,corecontrast@POST@/singlecore:0|,corecontrast@POST@/singlecore:32|
133,us-west-1,sslateingress,POST,/singlecore,953c5da358361440296a55c21a96946a,296a55c21a96946a,nan,0.0,31.0,31.0,2.0,31.0,-1,sslateingress@POST@/singlecore:0|,sslateingress@POST@/singlecore:40|
134,us-west-1,sslateingress,POST,/singlecore,bcdbbf401d17f247798fddd8ea0b557b,798fddd8ea0b557b,nan,0.0,28.0,28.0,2.0,28.0,-1,sslateingress@POST@/singlecore:0|,sslateingress@POST@/singlecore:16|
135,us-west-1,corecontrast,POST,/singlecore,bcdbbf401d17f247798fddd8ea0b557b,611c3366637a3973,798fddd8ea0b557b,1.0,27.0,26.0,26.0,26.0,-1,corecontrast@POST@/singlecore:0|,corecontrast@POST@/singlecore:44|
136,us-west-1,corecontrast,POST,/singlecore,81452d577a814e7faccdcecdad4ef91a,7ba5d837e2d525d3,accdcecdad4ef91a,1.0,28.0,27.0,27.0,27.0,-1,corecontrast@POST@/singlecore:0|,corecontrast@POST@/singlecore:40|
137,us-west-1,sslateingress,POST,/singlecore,81452d577a814e7faccdcecdad4ef91a,accdcecdad4ef91a,nan,0.0,29.0,29.0,2.0,29.0,-1,sslateingress@POST@/singlecore:0|,sslateingress@POST@/singlecore:24|
138,us-west-1,corecontrast,POST,/singlecore,b76c86d4283bb402f79ee0fc43a0f917,c7255afc79a4bbd8,f79ee0fc43a0f917,1.0,27.0,26.0,26.0,26.0,-1,corecontrast@POST@/singlecore:0|,corecontrast@POST@/singlecore:28|
139,us-west-1,sslateingress,POST,/singlecore,b76c86d4283bb402f79ee0fc43a0f917,f79ee0fc43a0f917,nan,0.0,28.0,28.0,2.0,28.0,-1,sslateingress@POST@/singlecore:0|,sslateingress@POST@/singlecore:36|
140,us-west-1,sslateingress,POST,/singlecore,60267886c1e7fee92ccf053b70cb774e,2ccf053b70cb774e,nan,0.0,31.0,31.0,2.0,31.0,-1,sslateingress@POST@/singlecore:0|,sslateingress@POST@/singlecore:28|
141,us-west-1,corecontrast,POST,/singlecore,60267886c1e7fee92ccf053b70cb774e,9f0ad467a7f7ce2d,2ccf053b70cb774e,1.0,30.0,29.0,29.0,29.0,-1,corecontrast@POST@/singlecore:0|,corecontrast@POST@/singlecore:28|
142,us-west-1,sslateingress,POST,/singlecore,f4d20e20d0312c2a012f290bea238662,012f290bea238662,nan,0.0,31.0,31.0,2.0,31.0,-1,sslateingress@POST@/singlecore:0|,sslateingress@POST@/singlecore:32|
143,us-west-1,corecontrast,POST,/singlecore,f4d20e20d0312c2a012f290bea238662,3574c98c05789b74,012f290bea238662,1.0,30.0,29.0,29.0,29.0,-1,corecontrast@POST@/singlecore:0|,corecontrast@POST@/singlecore:24|
144,us-west-1,sslateingress,POST,/singlecore,926282166be6cc585d180d9dc90e466c,5d180d9dc90e466c,nan,0.0,29.0,29.0,2.0,29.0,-1,sslateingress@POST@/singlecore:0|,sslateingress@POST@/singlecore:28|
145,us-west-1,corecontrast,POST,/singlecore,926282166be6cc585d180d9dc90e466c,ff636f9c8080ad81,5d180d9dc90e466c,1.0,28.0,27.0,27.0,27.0,-1,corecontrast@POST@/singlecore:0|,corecontrast@POST@/singlecore:28|
146,us-west-1,sslateingress,POST,/singlecore,b8b2f2f2b25f949c2892d25f6cf3241d,2892d25f6cf3241d,nan,0.0,31.0,31.0,2.0,31.0,-1,sslateingress@POST@/singlecore:0|,sslateingress@POST@/singlecore:24|
147,us-west-1,corecontrast,POST,/singlecore,b8b2f2f2b25f949c2892d25f6cf3241d,4fa1d6dc93b78a42,2892d25f6cf3241d,1.0,30.0,29.0,29.0,29.0,-1,corecontrast@POST@/singlecore:0|,corecontrast@POST@/singlecore:44|
148,us-west-1,sslateingress,POST,/singlecore,87626d042a3bed150e8fb31fe5ad9c25,0e8fb31fe5ad9c25,nan,0.0,31.0,31.0,2.0,31.0,-1,sslateingress@POST@/singlecore:0|,sslateingress@POST@/singlecore:24|
149,us-west-1,corecontrast,POST,/singlecore,87626d042a3bed150e8fb31fe5ad9c25,3c73c4b1db9542ae,0e8fb31fe5ad9c25,1.0,30.0,29.0,29.0,29.0,-1,corecontrast@POST@/singlecore:0|,corecontrast@POST@/singlecore:44|
150,us-west-1,sslateingress,POST,/singlecore,243d491d41fdb07a6fdbd8a956cdbbec,6fdbd8a956cdbbec,nan,0.0,31.0,31.0,2.0,31.0,-1,sslateingress@POST@/singlecore:0|,sslateingress@POST@/singlecore:28|
151,us-west-1,corecontrast,POST,/singlecore,243d491d41fdb07a6fdbd8a956cdbbec,4680f85d075f9bd5,6fdbd8a956cdbbec,1.0,30.0,29.0,29.0,29.0,-1,corecontrast@POST@/singlecore:0|,corecontrast@POST@/singlecore:36|
152,us-west-1,sslateingress,POST,/singlecore,8bb62770447ef101216f59cc29792a93,216f59cc29792a93,nan,0.0,29.0,29.0,2.0,29.0,-1,sslateingress@POST@/singlecore:0|,sslateingress@POST@/singlecore:28|
153,us-west-1,corecontrast,POST,/singlecore,8bb62770447ef101216f59cc29792a93,03eb3e4d9b325063,216f59cc29792a93,1.0,28.0,27.0,27.0,27.0,-1,corecontrast@POST@/singlecore:0|,corecontrast@POST@/singlecore:36|
154,us-west-1,sslateingress,POST,/singlecore,c26c777900a8451948ca109bc25a28d8,48ca109bc25a28d8,nan,0.0,32.0,32.0,2.0,32.0,-1,sslateingress@POST@/singlecore:0|,sslateingress@POST@/singlecore:32|
155,us-west-1,corecontrast,POST,/singlecore,c26c777900a8451948ca109bc25a28d8,8f3e0edfd1479125,48ca109bc25a28d8,1.0,31.0,30.0,30.0,30.0,-1,corecontrast@POST@/singlecore:0|,corecontrast@POST@/singlecore:44|
156,us-west-1,sslateingress,POST,/singlecore,d612145eba243c0e8b972e023c28daec,8b972e023c28daec,nan,0.0,30.0,30.0,2.0,30.0,-1,sslateingress@POST@/singlecore:0|,sslateingress@POST@/singlecore:32|
157,us-west-1,corecontrast,POST,/singlecore,d612145eba243c0e8b972e023c28daec,135d53a408d5e2b7,8b972e023c28daec,1.0,29.0,28.0,28.0,28.0,-1,corecontrast@POST@/singlecore:0|,corecontrast@POST@/singlecore:24|
158,us-west-1,corecontrast,POST,/singlecore,0ba9674597dc5176fa6b575abdefa5e0,24d7e7255ad3b92a,fa6b575abdefa5e0,1.0,182.0,181.0,181.0,181.0,-1,corecontrast@POST@/singlecore:0|,corecontrast@POST@/singlecore:28|
159,us-west-1,sslateingress,POST,/singlecore,0ba9674597dc5176fa6b575abdefa5e0,fa6b575abdefa5e0,nan,0.0,183.0,183.0,2.0,183.0,-1,sslateingress@POST@/singlecore:0|,sslateingress@POST@/singlecore:36|
160,us-west-1,sslateingress,POST,/singlecore,4dc837ff68eeabc592d161b96218590c,92d161b96218590c,nan,0.0,31.0,31.0,2.0,31.0,-1,sslateingress@POST@/singlecore:0|,sslateingress@POST@/singlecore:12|
161,us-west-1,corecontrast,POST,/singlecore,4dc837ff68eeabc592d161b96218590c,4019d5ef7fb5cf68,92d161b96218590c,1.0,30.0,29.0,29.0,29.0,-1,corecontrast@POST@/singlecore:0|,corecontrast@POST@/singlecore:36|
162,us-west-1,corecontrast,POST,/singlecore,43f861006b03e0032df011bd9f275f02,ac43608d2ce5b16e,2df011bd9f275f02,1.0,30.0,29.0,29.0,29.0,-1,corecontrast@POST@/singlecore:0|,corecontrast@POST@/singlecore:40|
163,us-west-1,sslateingress,POST,/singlecore,43f861006b03e0032df011bd9f275f02,2df011bd9f275f02,nan,0.0,31.0,31.0,2.0,31.0,-1,sslateingress@POST@/singlecore:0|,sslateingress@POST@/singlecore:52|
164,us-west-1,sslateingress,POST,/singlecore,2c4071f7b5682a53fa257f211f8fd2c4,fa257f211f8fd2c4,nan,0.0,29.0,29.0,2.0,29.0,-1,sslateingress@POST@/singlecore:0|,sslateingress@POST@/singlecore:24|
165,us-west-1,corecontrast,POST,/singlecore,2c4071f7b5682a53fa257f211f8fd2c4,c5794f4f893ec512,fa257f211f8fd2c4,1.0,28.0,27.0,27.0,27.0,-1,corecontrast@POST@/singlecore:0|,corecontrast@POST@/singlecore:28|
166,us-west-1,corecontrast,POST,/singlecore,d2908e5632edc6a29f67f178984996e0,d9fc84d6b416549a,9f67f178984996e0,1.0,28.0,27.0,27.0,27.0,-1,corecontrast@POST@/singlecore:0|,corecontrast@POST@/singlecore:12|
167,us-west-1,sslateingress,POST,/singlecore,d2908e5632edc6a29f67f178984996e0,9f67f178984996e0,nan,0.0,29.0,29.0,2.0,29.0,-1,sslateingress@POST@/singlecore:0|,sslateingress@POST@/singlecore:20|
168,us-west-1,sslateingress,POST,/singlecore,7210203771a5875aa801ae9956c9716c,a801ae9956c9716c,nan,0.0,31.0,31.0,2.0,31.0,-1,sslateingress@POST@/singlecore:0|,sslateingress@POST@/singlecore:28|
169,us-west-1,corecontrast,POST,/singlecore,7210203771a5875aa801ae9956c9716c,f13087e874ce7546,a801ae9956c9716c,1.0,30.0,29.0,29.0,29.0,-1,corecontrast@POST@/singlecore:0|,corecontrast@POST@/singlecore:40|
170,us-west-1,corecontrast,POST,/singlecore,08dcadbeaff6b04eea0a14777b462114,24f98c9b2d83176f,ea0a14777b462114,2.0,30.0,28.0,28.0,28.0,-1,corecontrast@POST@/singlecore:0|,corecontrast@POST@/singlecore:28|
171,us-west-1,sslateingress,POST,/singlecore,08dcadbeaff6b04eea0a14777b462114,ea0a14777b462114,nan,0.0,31.0,31.0,3.0,31.0,-1,sslateingress@POST@/singlecore:0|,sslateingress@POST@/singlecore:40|
172,us-west-1,corecontrast,POST,/singlecore,d16adcffcb82661d3dbc85a8ba53f337,5f8e42a081cbe4de,3dbc85a8ba53f337,1.0,53.0,52.0,52.0,52.0,-1,corecontrast@POST@/singlecore:0|,corecontrast@POST@/singlecore:40|
173,us-west-1,sslateingress,POST,/singlecore,d16adcffcb82661d3dbc85a8ba53f337,3dbc85a8ba53f337,nan,0.0,54.0,54.0,2.0,54.0,-1,sslateingress@POST@/singlecore:0|,sslateingress@POST@/singlecore:20|
174,us-west-1,sslateingress,POST,/singlecore,e9e899ca9f4ec4150b78bb3aaf270abc,0b78bb3aaf270abc,nan,0.0,31.0,31.0,2.0,31.0,-1,sslateingress@POST@/singlecore:0|,sslateingress@POST@/singlecore:20|
175,us-west-1,corecontrast,POST,/singlecore,e9e899ca9f4ec4150b78bb3aaf270abc,2754b0cf38f56bc5,0b78bb3aaf270abc,1.0,30.0,29.0,29.0,29.0,-1,corecontrast@POST@/singlecore:0|,corecontrast@POST@/singlecore:32|
176,us-west-1,sslateingress,POST,/singlecore,80a8b820d8994dcc2ec504da91d35511,2ec504da91d35511,nan,0.0,29.0,29.0,2.0,29.0,-1,sslateingress@POST@/singlecore:0|,sslateingress@POST@/singlecore:28|
177,us-west-1,corecontrast,POST,/singlecore,80a8b820d8994dcc2ec504da91d35511,330bc01af9c7188d,2ec504da91d35511,1.0,28.0,27.0,27.0,27.0,-1,corecontrast@POST@/singlecore:0|,corecontrast@POST@/singlecore:24|
178,us-west-1,corecontrast,POST,/singlecore,03752b7f7b523fb5d6c7ff00d3b99e86,425a7ac76f680aa7,d6c7ff00d3b99e86,1.0,28.0,27.0,27.0,27.0,-1,corecontrast@POST@/singlecore:0|,corecontrast@POST@/singlecore:24|
179,us-west-1,sslateingress,POST,/singlecore,03752b7f7b523fb5d6c7ff00d3b99e86,d6c7ff00d3b99e86,nan,0.0,29.0,29.0,2.0,29.0,-1,sslateingress@POST@/singlecore:0|,sslateingress@POST@/singlecore:12|
180,us-west-1,corecontrast,POST,/singlecore,d2c72b2d23e909a3127cc337c68a817d,bc662c852093cfb6,127cc337c68a817d,1.0,29.0,28.0,28.0,28.0,-1,corecontrast@POST@/singlecore:0|,corecontrast@POST@/singlecore:32|
181,us-west-1,sslateingress,POST,/singlecore,d2c72b2d23e909a3127cc337c68a817d,127cc337c68a817d,nan,0.0,30.0,30.0,2.0,30.0,-1,sslateingress@POST@/singlecore:0|,sslateingress@POST@/singlecore:36|
182,us-west-1,sslateingress,POST,/singlecore,2c49146bccafa572c30ae10e2eda628c,c30ae10e2eda628c,nan,0.0,30.0,30.0,2.0,30.0,-1,sslateingress@POST@/singlecore:0|,sslateingress@POST@/singlecore:24|
183,us-west-1,corecontrast,POST,/singlecore,2c49146bccafa572c30ae10e2eda628c,2c43b3ba6b4970d7,c30ae10e2eda628c,1.0,29.0,28.0,28.0,28.0,-1,corecontrast@POST@/singlecore:0|,corecontrast@POST@/singlecore:24|
184,us-west-1,sslateingress,POST,/singlecore,451e733122b2376c852bafc02e2da62d,852bafc02e2da62d,nan,0.0,32.0,32.0,2.0,32.0,-1,sslateingress@POST@/singlecore:0|,sslateingress@POST@/singlecore:28|
185,us-west-1,corecontrast,POST,/singlecore,451e733122b2376c852bafc02e2da62d,e77d18a8de458af1,852bafc02e2da62d,1.0,31.0,30.0,30.0,30.0,-1,corecontrast@POST@/singlecore:0|,corecontrast@POST@/singlecore:24|
186,us-west-1,corecontrast,POST,/singlecore,30087bd776965dd76b98de5d838a336a,b62a0e6f15c65194,6b98de5d838a336a,1.0,30.0,29.0,29.0,29.0,-1,corecontrast@POST@/singlecore:0|,corecontrast@POST@/singlecore:28|
187,us-west-1,sslateingress,POST,/singlecore,30087bd776965dd76b98de5d838a336a,6b98de5d838a336a,nan,0.0,31.0,31.0,2.0,31.0,-1,sslateingress@POST@/singlecore:0|,sslateingress@POST@/singlecore:40|
188,us-west-1,corecontrast,POST,/singlecore,b520750ccb44c2d389eadb10ea27f8cc,914925758ab7cb0a,89eadb10ea27f8cc,1.0,30.0,29.0,29.0,29.0,-1,corecontrast@POST@/singlecore:0|,corecontrast@POST@/singlecore:36|
189,us-west-1,sslateingress,POST,/singlecore,b520750ccb44c2d389eadb10ea27f8cc,89eadb10ea27f8cc,nan,0.0,31.0,31.0,2.0,31.0,-1,sslateingress@POST@/singlecore:0|,sslateingress@POST@/singlecore:20|
190,us-west-1,sslateingress,POST,/singlecore,e158f174e10bcbcef5b373c3049eed3a,f5b373c3049eed3a,nan,0.0,29.0,29.0,2.0,29.0,-1,sslateingress@POST@/singlecore:0|,sslateingress@POST@/singlecore:36|
191,us-west-1,corecontrast,POST,/singlecore,e158f174e10bcbcef5b373c3049eed3a,df8ce4adf76f1b6a,f5b373c3049eed3a,1.0,28.0,27.0,27.0,27.0,-1,corecontrast@POST@/singlecore:0|,corecontrast@POST@/singlecore:24|
192,us-west-1,corecontrast,POST,/singlecore,907a478b345ada92349512b2470b6abf,eb637b7dd4f49da7,349512b2470b6abf,1.0,29.0,28.0,28.0,28.0,-1,corecontrast@POST@/singlecore:0|,corecontrast@POST@/singlecore:24|
193,us-west-1,sslateingress,POST,/singlecore,907a478b345ada92349512b2470b6abf,349512b2470b6abf,nan,0.0,29.0,29.0,1.0,29.0,-1,sslateingress@POST@/singlecore:0|,sslateingress@POST@/singlecore:20|
194,us-west-1,sslateingress,POST,/singlecore,e1b73ec1208d3b62ac0a95dda0f3e05c,ac0a95dda0f3e05c,nan,0.0,29.0,29.0,2.0,29.0,-1,sslateingress@POST@/singlecore:0|,sslateingress@POST@/singlecore:44|
195,us-west-1,corecontrast,POST,/singlecore,e1b73ec1208d3b62ac0a95dda0f3e05c,6b1d119d52ba3f2f,ac0a95dda0f3e05c,1.0,28.0,27.0,27.0,27.0,-1,corecontrast@POST@/singlecore:0|,corecontrast@POST@/singlecore:36|
196,us-west-1,sslateingress,POST,/singlecore,e4d96a5998343bd29f699aee4b25c88a,9f699aee4b25c88a,nan,0.0,28.0,28.0,2.0,28.0,-1,sslateingress@POST@/singlecore:0|,sslateingress@POST@/singlecore:28|
197,us-west-1,corecontrast,POST,/singlecore,e4d96a5998343bd29f699aee4b25c88a,4505bf87c1bd0559,9f699aee4b25c88a,1.0,27.0,26.0,26.0,26.0,-1,corecontrast@POST@/singlecore:0|,corecontrast@POST@/singlecore:24|
198,us-west-1,corecontrast,POST,/singlecore,29451565282e22f9149e86f332ca6735,b34bde8895302b7a,149e86f332ca6735,1.0,28.0,27.0,27.0,27.0,-1,corecontrast@POST@/singlecore:0|,corecontrast@POST@/singlecore:20|
199,us-west-1,sslateingress,POST,/singlecore,29451565282e22f9149e86f332ca6735,149e86f332ca6735,nan,0.0,29.0,29.0,2.0,29.0,-1,sslateingress@POST@/singlecore:0|,sslateingress@POST@/singlecore:32|
200,us-west-1,sslateingress,POST,/singlecore,891abb7ce4b10f28b66ec666e1def4d8,b66ec666e1def4d8,nan,0.0,29.0,29.0,1.0,29.0,-1,sslateingress@POST@/singlecore:0|,sslateingress@POST@/singlecore:36|
201,us-west-1,corecontrast,POST,/singlecore,891abb7ce4b10f28b66ec666e1def4d8,ba1c4500b71875a6,b66ec666e1def4d8,1.0,29.0,28.0,28.0,28.0,-1,corecontrast@POST@/singlecore:0|,corecontrast@POST@/singlecore:20|
202,us-west-1,sslateingress,POST,/singlecore,2ebfa58db48ef03dcd764c4520a9e9a9,cd764c4520a9e9a9,nan,0.0,29.0,29.0,2.0,29.0,-1,sslateingress@POST@/singlecore:0|,sslateingress@POST@/singlecore:32|
203,us-west-1,corecontrast,POST,/singlecore,2ebfa58db48ef03dcd764c4520a9e9a9,1101b0ac3d983900,cd764c4520a9e9a9,1.0,28.0,27.0,27.0,27.0,-1,corecontrast@POST@/singlecore:0|,corecontrast@POST@/singlecore:44|
204,us-west-1,sslateingress,POST,/singlecore,92fd455938f54660b7586a8ace15620a,b7586a8ace15620a,nan,0.0,29.0,29.0,2.0,29.0,-1,sslateingress@POST@/singlecore:0|,sslateingress@POST@/singlecore:36|
205,us-west-1,corecontrast,POST,/singlecore,92fd455938f54660b7586a8ace15620a,c3c313cba6ed37c1,b7586a8ace15620a,1.0,28.0,27.0,27.0,27.0,-1,corecontrast@POST@/singlecore:0|,corecontrast@POST@/singlecore:28|
206,us-west-1,sslateingress,POST,/singlecore,8a9df5a7bfa013a2ab8e33e1530afb9d,ab8e33e1530afb9d,nan,0.0,167.0,167.0,2.0,167.0,-1,sslateingress@POST@/singlecore:0|,sslateingress@POST@/singlecore:32|
207,us-west-1,corecontrast,POST,/singlecore,8a9df5a7bfa013a2ab8e33e1530afb9d,cb4c3c475223c474,ab8e33e1530afb9d,1.0,166.0,165.0,165.0,165.0,-1,corecontrast@POST@/singlecore:0|,corecontrast@POST@/singlecore:16|
208,us-west-1,corecontrast,POST,/singlecore,4a9b09f41b8b82e9d261b4e49c7074b8,0bfe1a377d6d4deb,d261b4e49c7074b8,1.0,179.0,178.0,178.0,178.0,-1,corecontrast@POST@/singlecore:0|,corecontrast@POST@/singlecore:12|
209,us-west-1,sslateingress,POST,/singlecore,4a9b09f41b8b82e9d261b4e49c7074b8,d261b4e49c7074b8,nan,0.0,180.0,180.0,2.0,180.0,-1,sslateingress@POST@/singlecore:0|,sslateingress@POST@/singlecore:28|
210,us-west-1,corecontrast,POST,/singlecore,de95ffcfb995cfd2fc307af51909cd33,224fe56cf9768b02,fc307af51909cd33,1.0,28.0,27.0,27.0,27.0,-1,corecontrast@POST@/singlecore:0|,corecontrast@POST@/singlecore:20|
211,us-west-1,sslateingress,POST,/singlecore,de95ffcfb995cfd2fc307af51909cd33,fc307af51909cd33,nan,0.0,29.0,29.0,2.0,29.0,-1,sslateingress@POST@/singlecore:0|,sslateingress@POST@/singlecore:24|
212,us-west-1,sslateingress,POST,/singlecore,3cf1879d72b1dafcfef177e8624548ca,fef177e8624548ca,nan,0.0,182.0,182.0,10.0,182.0,-1,sslateingress@POST@/singlecore:0|,sslateingress@POST@/singlecore:24|
213,us-west-1,corecontrast,POST,/singlecore,3cf1879d72b1dafcfef177e8624548ca,daf4ce248b192b70,fef177e8624548ca,8.0,180.0,172.0,172.0,172.0,-1,corecontrast@POST@/singlecore:0|,corecontrast@POST@/singlecore:20|
214,us-west-1,sslateingress,POST,/singlecore,2fdb23882e831a4acd0d627b3215b489,cd0d627b3215b489,nan,0.0,29.0,29.0,2.0,29.0,-1,sslateingress@POST@/singlecore:0|,sslateingress@POST@/singlecore:28|
215,us-west-1,corecontrast,POST,/singlecore,2fdb23882e831a4acd0d627b3215b489,b160b83df41590b9,cd0d627b3215b489,2.0,29.0,27.0,27.0,27.0,-1,corecontrast@POST@/singlecore:0|,corecontrast@POST@/singlecore:24|
216,us-west-1,corecontrast,POST,/singlecore,dd163f9b62c43256140c2cdd4dd4ac53,67acfe8669cab9d9,140c2cdd4dd4ac53,1.0,28.0,27.0,27.0,27.0,-1,corecontrast@POST@/singlecore:0|,corecontrast@POST@/singlecore:36|
217,us-west-1,sslateingress,POST,/singlecore,dd163f9b62c43256140c2cdd4dd4ac53,140c2cdd4dd4ac53,nan,0.0,29.0,29.0,2.0,29.0,-1,sslateingress@POST@/singlecore:0|,sslateingress@POST@/singlecore:32|
218,us-west-1,sslateingress,POST,/singlecore,0271ea254826d62300e65ef672d10bb3,00e65ef672d10bb3,nan,0.0,29.0,29.0,2.0,29.0,-1,sslateingress@POST@/singlecore:0|,sslateingress@POST@/singlecore:40|
219,us-west-1,corecontrast,POST,/singlecore,0271ea254826d62300e65ef672d10bb3,601de4109a921c69,00e65ef672d10bb3,1.0,28.0,27.0,27.0,27.0,-1,corecontrast@POST@/singlecore:0|,corecontrast@POST@/singlecore:24|
220,us-west-1,corecontrast,POST,/singlecore,333b457f924eb0b85c3ac507e3240f2f,0bb653bca59e0ac7,5c3ac507e3240f2f,1.0,29.0,28.0,28.0,28.0,-1,corecontrast@POST@/singlecore:0|,corecontrast@POST@/singlecore:28|
221,us-west-1,sslateingress,POST,/singlecore,333b457f924eb0b85c3ac507e3240f2f,5c3ac507e3240f2f,nan,0.0,29.0,29.0,1.0,29.0,-1,sslateingress@POST@/singlecore:0|,sslateingress@POST@/singlecore:32|
222,us-west-1,corecontrast,POST,/singlecore,0e062c5fb1d9fe709ab0ef8ec8c2be96,77d4cc8511f42fb8,9ab0ef8ec8c2be96,2.0,32.0,30.0,30.0,30.0,-1,corecontrast@POST@/singlecore:0|,corecontrast@POST@/singlecore:24|
223,us-west-1,sslateingress,POST,/singlecore,0e062c5fb1d9fe709ab0ef8ec8c2be96,9ab0ef8ec8c2be96,nan,0.0,33.0,33.0,3.0,33.0,-1,sslateingress@POST@/singlecore:0|,sslateingress@POST@/singlecore:28|
224,us-west-1,sslateingress,POST,/singlecore,f1a513d9bae08c2097d29e33004016f0,97d29e33004016f0,nan,0.0,74.0,74.0,8.0,74.0,-1,sslateingress@POST@/singlecore:0|,sslateingress@POST@/singlecore:40|
225,us-west-1,corecontrast,POST,/singlecore,f1a513d9bae08c2097d29e33004016f0,d29484bf6582075a,97d29e33004016f0,7.0,73.0,66.0,66.0,66.0,-1,corecontrast@POST@/singlecore:0|,corecontrast@POST@/singlecore:28|
226,us-west-1,sslateingress,POST,/singlecore,4f0971622cd156c0a933b297202a6fdc,a933b297202a6fdc,nan,0.0,31.0,31.0,3.0,31.0,-1,sslateingress@POST@/singlecore:0|,sslateingress@POST@/singlecore:16|
227,us-west-1,corecontrast,POST,/singlecore,4f0971622cd156c0a933b297202a6fdc,1288ead01d326fb9,a933b297202a6fdc,2.0,30.0,28.0,28.0,28.0,-1,corecontrast@POST@/singlecore:0|,corecontrast@POST@/singlecore:36|
228,us-west-1,sslateingress,POST,/singlecore,aca5042b16310f8dd512923453e211df,d512923453e211df,nan,0.0,29.0,29.0,1.0,29.0,-1,sslateingress@POST@/singlecore:0|,sslateingress@POST@/singlecore:36|
229,us-west-1,corecontrast,POST,/singlecore,aca5042b16310f8dd512923453e211df,c4fada3585468e6c,d512923453e211df,1.0,29.0,28.0,28.0,28.0,-1,corecontrast@POST@/singlecore:0|,corecontrast@POST@/singlecore:40|
230,us-west-1,sslateingress,POST,/singlecore,477422a428b7ebc2729a03e2e20e653a,729a03e2e20e653a,nan,0.0,29.0,29.0,2.0,29.0,-1,sslateingress@POST@/singlecore:0|,sslateingress@POST@/singlecore:32|
231,us-west-1,corecontrast,POST,/singlecore,477422a428b7ebc2729a03e2e20e653a,991a30bf124354b6,729a03e2e20e653a,1.0,28.0,27.0,27.0,27.0,-1,corecontrast@POST@/singlecore:0|,corecontrast@POST@/singlecore:36|
232,us-west-1,corecontrast,POST,/singlecore,8a0934d7eb554ada71a03d140259e204,68e94a7f3ef0d81e,71a03d140259e204,1.0,29.0,28.0,28.0,28.0,-1,corecontrast@POST@/singlecore:0|,corecontrast@POST@/singlecore:28|
233,us-west-1,sslateingress,POST,/singlecore,8a0934d7eb554ada71a03d140259e204,71a03d140259e204,nan,0.0,30.0,30.0,2.0,30.0,-1,sslateingress@POST@/singlecore:0|,sslateingress@POST@/singlecore:28|
234,us-west-1,sslateingress,POST,/singlecore,ba664799294ba6394562fcbf8570d9c1,4562fcbf8570d9c1,nan,0.0,29.0,29.0,2.0,29.0,-1,sslateingress@POST@/singlecore:0|,sslateingress@POST@/singlecore:28|
235,us-west-1,corecontrast,POST,/singlecore,ba664799294ba6394562fcbf8570d9c1,7233f5a6030c130b,4562fcbf8570d9c1,1.0,28.0,27.0,27.0,27.0,-1,corecontrast@POST@/singlecore:0|,corecontrast@POST@/singlecore:36|
236,us-west-1,sslateingress,POST,/singlecore,a912b9df9f69d35b5d7f4dc25afdbc16,5d7f4dc25afdbc16,nan,0.0,30.0,30.0,3.0,30.0,-1,sslateingress@POST@/singlecore:0|,sslateingress@POST@/singlecore:32|
237,us-west-1,corecontrast,POST,/singlecore,a912b9df9f69d35b5d7f4dc25afdbc16,88a6480a9008877e,5d7f4dc25afdbc16,2.0,29.0,27.0,27.0,27.0,-1,corecontrast@POST@/singlecore:0|,corecontrast@POST@/singlecore:28|
238,us-west-1,corecontrast,POST,/singlecore,d151d0e99cdc9163be409f81cf146f72,cca6feaf279131fa,be409f81cf146f72,1.0,28.0,27.0,27.0,27.0,-1,corecontrast@POST@/singlecore:0|,corecontrast@POST@/singlecore:32|
239,us-west-1,sslateingress,POST,/singlecore,d151d0e99cdc9163be409f81cf146f72,be409f81cf146f72,nan,0.0,29.0,29.0,2.0,29.0,-1,sslateingress@POST@/singlecore:0|,sslateingress@POST@/singlecore:36|
240,us-west-1,sslateingress,POST,/singlecore,65f3529544f02e982a6bb551df9a9782,2a6bb551df9a9782,nan,0.0,29.0,29.0,2.0,29.0,-1,sslateingress@POST@/singlecore:0|,sslateingress@POST@/singlecore:24|
241,us-west-1,corecontrast,POST,/singlecore,65f3529544f02e982a6bb551df9a9782,e809d5c0937efece,2a6bb551df9a9782,1.0,28.0,27.0,27.0,27.0,-1,corecontrast@POST@/singlecore:0|,corecontrast@POST@/singlecore:32|
242,us-west-1,sslateingress,POST,/singlecore,258fc59789698399e0a5ec330844529b,e0a5ec330844529b,nan,0.0,30.0,30.0,2.0,30.0,-1,sslateingress@POST@/singlecore:0|,sslateingress@POST@/singlecore:24|
243,us-west-1,corecontrast,POST,/singlecore,258fc59789698399e0a5ec330844529b,47e4f75b8ed93edf,e0a5ec330844529b,1.0,29.0,28.0,28.0,28.0,-1,corecontrast@POST@/singlecore:0|,corecontrast@POST@/singlecore:32|
244,us-west-1,sslateingress,POST,/singlecore,36106ef9e01e7d95ad1625dfdb96eeea,ad1625dfdb96eeea,nan,0.0,29.0,29.0,2.0,29.0,-1,sslateingress@POST@/singlecore:0|,sslateingress@POST@/singlecore:36|
245,us-west-1,corecontrast,POST,/singlecore,36106ef9e01e7d95ad1625dfdb96eeea,ec0f44ba732cea92,ad1625dfdb96eeea,1.0,28.0,27.0,27.0,27.0,-1,corecontrast@POST@/singlecore:0|,corecontrast@POST@/singlecore:32|
246,us-west-1,sslateingress,POST,/singlecore,efd4b68cc62112af1aa7be3b24963d41,1aa7be3b24963d41,nan,0.0,31.0,31.0,2.0,31.0,-1,sslateingress@POST@/singlecore:0|,sslateingress@POST@/singlecore:28|
247,us-west-1,corecontrast,POST,/singlecore,efd4b68cc62112af1aa7be3b24963d41,f06df737fc450755,1aa7be3b24963d41,1.0,30.0,29.0,29.0,29.0,-1,corecontrast@POST@/singlecore:0|,corecontrast@POST@/singlecore:20|
248,us-west-1,sslateingress,POST,/singlecore,9d943f07ca920506eb75c6c8dd072360,eb75c6c8dd072360,nan,0.0,29.0,29.0,2.0,29.0,-1,sslateingress@POST@/singlecore:0|,sslateingress@POST@/singlecore:20|
249,us-west-1,corecontrast,POST,/singlecore,9d943f07ca920506eb75c6c8dd072360,8e8a3b5eb588b1f2,eb75c6c8dd072360,1.0,28.0,27.0,27.0,27.0,-1,corecontrast@POST@/singlecore:0|,corecontrast@POST@/singlecore:28|
250,us-west-1,corecontrast,POST,/singlecore,7d8076d363051de639c997f7863b6847,74370e4343537104,39c997f7863b6847,1.0,29.0,28.0,28.0,28.0,-1,corecontrast@POST@/singlecore:0|,corecontrast@POST@/singlecore:28|
251,us-west-1,sslateingress,POST,/singlecore,7d8076d363051de639c997f7863b6847,39c997f7863b6847,nan,0.0,29.0,29.0,1.0,29.0,-1,sslateingress@POST@/singlecore:0|,sslateingress@POST@/singlecore:36|
252,us-west-1,corecontrast,POST,/singlecore,3a6801831b906c97b6d597f5269d3f50,a0fe2fdf2453ebc4,b6d597f5269d3f50,1.0,28.0,27.0,27.0,27.0,-1,corecontrast@POST@/singlecore:0|,corecontrast@POST@/singlecore:20|
253,us-west-1,sslateingress,POST,/singlecore,3a6801831b906c97b6d597f5269d3f50,b6d597f5269d3f50,nan,0.0,29.0,29.0,2.0,29.0,-1,sslateingress@POST@/singlecore:0|,sslateingress@POST@/singlecore:20|
254,us-west-1,sslateingress,POST,/singlecore,f61293d6847ddbff4c9cfb89aa7ae56e,4c9cfb89aa7ae56e,nan,0.0,29.0,29.0,2.0,29.0,-1,sslateingress@POST@/singlecore:0|,sslateingress@POST@/singlecore:28|
255,us-west-1,corecontrast,POST,/singlecore,f61293d6847ddbff4c9cfb89aa7ae56e,070959c4f0ecd538,4c9cfb89aa7ae56e,1.0,28.0,27.0,27.0,27.0,-1,corecontrast@POST@/singlecore:0|,corecontrast@POST@/singlecore:32|
256,us-west-1,sslateingress,POST,/singlecore,aa493c5f93b0f7aac0ef959460d809e2,c0ef959460d809e2,nan,0.0,32.0,32.0,2.0,32.0,-1,sslateingress@POST@/singlecore:0|,sslateingress@POST@/singlecore:28|
257,us-west-1,corecontrast,POST,/singlecore,aa493c5f93b0f7aac0ef959460d809e2,48428fa2a164628e,c0ef959460d809e2,1.0,31.0,30.0,30.0,30.0,-1,corecontrast@POST@/singlecore:0|,corecontrast@POST@/singlecore:12|
258,us-west-1,sslateingress,POST,/singlecore,2c51f93963f5b655f4a4ca5b41de1073,f4a4ca5b41de1073,nan,0.0,30.0,30.0,2.0,30.0,-1,sslateingress@POST@/singlecore:0|,sslateingress@POST@/singlecore:28|
259,us-west-1,corecontrast,POST,/singlecore,2c51f93963f5b655f4a4ca5b41de1073,d9650cc4cbf9ea9c,f4a4ca5b41de1073,1.0,29.0,28.0,28.0,28.0,-1,corecontrast@POST@/singlecore:0|,corecontrast@POST@/singlecore:12|
260,us-west-1,sslateingress,POST,/singlecore,afc7524309a9149d9702217b689a80e1,9702217b689a80e1,nan,0.0,29.0,29.0,2.0,29.0,-1,sslateingress@POST@/singlecore:0|,sslateingress@POST@/singlecore:32|
261,us-west-1,corecontrast,POST,/singlecore,afc7524309a9149d9702217b689a80e1,e5ecce8e86dc6663,9702217b689a80e1,1.0,28.0,27.0,27.0,27.0,-1,corecontrast@POST@/singlecore:0|,corecontrast@POST@/singlecore:28|
262,us-west-1,corecontrast,POST,/singlecore,4ab91f0201c1ceac2d8711e57a2a7b2a,adcedcf9bfc0dc7f,2d8711e57a2a7b2a,1.0,27.0,26.0,26.0,26.0,-1,corecontrast@POST@/singlecore:0|,corecontrast@POST@/singlecore:32|
263,us-west-1,sslateingress,POST,/singlecore,4ab91f0201c1ceac2d8711e57a2a7b2a,2d8711e57a2a7b2a,nan,0.0,28.0,28.0,2.0,28.0,-1,sslateingress@POST@/singlecore:0|,sslateingress@POST@/singlecore:28|
264,us-west-1,corecontrast,POST,/singlecore,09d9c23e390d9caceb750bdac63caf34,06e2f1792b38dbfb,eb750bdac63caf34,2.0,30.0,28.0,28.0,28.0,-1,corecontrast@POST@/singlecore:0|,corecontrast@POST@/singlecore:24|
265,us-west-1,sslateingress,POST,/singlecore,09d9c23e390d9caceb750bdac63caf34,eb750bdac63caf34,nan,0.0,31.0,31.0,3.0,31.0,-1,sslateingress@POST@/singlecore:0|,sslateingress@POST@/singlecore:28|
266,us-west-1,sslateingress,POST,/singlecore,7dd6ae3b4b92b8ca4073401103822667,4073401103822667,nan,0.0,29.0,29.0,2.0,29.0,-1,sslateingress@POST@/singlecore:0|,sslateingress@POST@/singlecore:36|
267,us-west-1,corecontrast,POST,/singlecore,7dd6ae3b4b92b8ca4073401103822667,97782958166a6721,4073401103822667,1.0,28.0,27.0,27.0,27.0,-1,corecontrast@POST@/singlecore:0|,corecontrast@POST@/singlecore:36|
268,us-west-1,corecontrast,POST,/singlecore,7f49cb0bfea3e0e4b930d6c97d80d5a8,7ddc68891efc7d2b,b930d6c97d80d5a8,1.0,28.0,27.0,27.0,27.0,-1,corecontrast@POST@/singlecore:0|,corecontrast@POST@/singlecore:40|
269,us-west-1,sslateingress,POST,/singlecore,7f49cb0bfea3e0e4b930d6c97d80d5a8,b930d6c97d80d5a8,nan,0.0,29.0,29.0,2.0,29.0,-1,sslateingress@POST@/singlecore:0|,sslateingress@POST@/singlecore:32|
270,us-west-1,corecontrast,POST,/singlecore,8aeb8fcb46a112c4544a30e04f41fef9,91c552d7007d1218,544a30e04f41fef9,1.0,28.0,27.0,27.0,27.0,-1,corecontrast@POST@/singlecore:0|,corecontrast@POST@/singlecore:36|
271,us-west-1,sslateingress,POST,/singlecore,8aeb8fcb46a112c4544a30e04f41fef9,544a30e04f41fef9,nan,0.0,28.0,28.0,1.0,28.0,-1,sslateingress@POST@/singlecore:0|,sslateingress@POST@/singlecore:24|
272,us-west-1,sslateingress,POST,/singlecore,5d17bd35cef69b2fd468f0a5de05524c,d468f0a5de05524c,nan,0.0,29.0,29.0,2.0,29.0,-1,sslateingress@POST@/singlecore:0|,sslateingress@POST@/singlecore:20|
273,us-west-1,corecontrast,POST,/singlecore,5d17bd35cef69b2fd468f0a5de05524c,90b29cf7b52b04c5,d468f0a5de05524c,1.0,28.0,27.0,27.0,27.0,-1,corecontrast@POST@/singlecore:0|,corecontrast@POST@/singlecore:12|
274,us-west-1,sslateingress,POST,/singlecore,e2242fe08b79a9ca92be2a48d09eab34,92be2a48d09eab34,nan,0.0,30.0,30.0,2.0,30.0,-1,sslateingress@POST@/singlecore:0|,sslateingress@POST@/singlecore:20|
275,us-west-1,corecontrast,POST,/singlecore,e2242fe08b79a9ca92be2a48d09eab34,2f22d9c8a7fa5c31,92be2a48d09eab34,1.0,29.0,28.0,28.0,28.0,-1,corecontrast@POST@/singlecore:0|,corecontrast@POST@/singlecore:56|
276,us-west-1,sslateingress,POST,/singlecore,3530cab3f2bfd0ba37c322646c255708,37c322646c255708,nan,0.0,31.0,31.0,2.0,31.0,-1,sslateingress@POST@/singlecore:0|,sslateingress@POST@/singlecore:28|
277,us-west-1,corecontrast,POST,/singlecore,3530cab3f2bfd0ba37c322646c255708,a87c88201e478f33,37c322646c255708,1.0,30.0,29.0,29.0,29.0,-1,corecontrast@POST@/singlecore:0|,corecontrast@POST@/singlecore:36|
278,us-west-1,corecontrast,POST,/singlecore,df66abcab21a2d47829a691152d1d5d7,7dd9a83aa5e8198b,829a691152d1d5d7,1.0,28.0,27.0,27.0,27.0,-1,corecontrast@POST@/singlecore:0|,corecontrast@POST@/singlecore:32|
279,us-west-1,sslateingress,POST,/singlecore,df66abcab21a2d47829a691152d1d5d7,829a691152d1d5d7,nan,0.0,29.0,29.0,2.0,29.0,-1,sslateingress@POST@/singlecore:0|,sslateingress@POST@/singlecore:20|
280,us-west-1,sslateingress,POST,/singlecore,2cfc1f76596cdae36d79d3d52b6fe8b9,6d79d3d52b6fe8b9,nan,0.0,129.0,129.0,3.0,129.0,-1,sslateingress@POST@/singlecore:0|,sslateingress@POST@/singlecore:20|
281,us-west-1,corecontrast,POST,/singlecore,2cfc1f76596cdae36d79d3d52b6fe8b9,ea07bede82a5421b,6d79d3d52b6fe8b9,2.0,128.0,126.0,126.0,126.0,-1,corecontrast@POST@/singlecore:0|,corecontrast@POST@/singlecore:20|
282,us-west-1,corecontrast,POST,/singlecore,d69ac2a34417828d9cea84d41ebef10a,09dfc1811f02122c,9cea84d41ebef10a,1.0,28.0,27.0,27.0,27.0,-1,corecontrast@POST@/singlecore:0|,corecontrast@POST@/singlecore:32|
283,us-west-1,sslateingress,POST,/singlecore,d69ac2a34417828d9cea84d41ebef10a,9cea84d41ebef10a,nan,0.0,29.0,29.0,2.0,29.0,-1,sslateingress@POST@/singlecore:0|,sslateingress@POST@/singlecore:40|
284,us-west-1,sslateingress,POST,/singlecore,75c2e884687a11800e378ff8dd147c3b,0e378ff8dd147c3b,nan,0.0,29.0,29.0,3.0,29.0,-1,sslateingress@POST@/singlecore:0|,sslateingress@POST@/singlecore:24|
285,us-west-1,corecontrast,POST,/singlecore,75c2e884687a11800e378ff8dd147c3b,4663a1c170d02afd,0e378ff8dd147c3b,2.0,28.0,26.0,26.0,26.0,-1,corecontrast@POST@/singlecore:0|,corecontrast@POST@/singlecore:24|
286,us-west-1,corecontrast,POST,/singlecore,7038d6321bd308ae0c18e7647c883420,7075da5d33782a31,0c18e7647c883420,1.0,28.0,27.0,27.0,27.0,-1,corecontrast@POST@/singlecore:0|,corecontrast@POST@/singlecore:28|
287,us-west-1,sslateingress,POST,/singlecore,7038d6321bd308ae0c18e7647c883420,0c18e7647c883420,nan,0.0,29.0,29.0,2.0,29.0,-1,sslateingress@POST@/singlecore:0|,sslateingress@POST@/singlecore:24|
288,us-west-1,corecontrast,POST,/singlecore,777048abd2ad11fb64fca7dbfd5f646c,f0bee8c9da5f6489,64fca7dbfd5f646c,1.0,28.0,27.0,27.0,27.0,-1,corecontrast@POST@/singlecore:0|,corecontrast@POST@/singlecore:20|
289,us-west-1,sslateingress,POST,/singlecore,777048abd2ad11fb64fca7dbfd5f646c,64fca7dbfd5f646c,nan,0.0,29.0,29.0,2.0,29.0,-1,sslateingress@POST@/singlecore:0|,sslateingress@POST@/singlecore:24|
290,us-west-1,corecontrast,POST,/singlecore,6e08bb03456fb4bd1a4836d8cd52ac7f,77dd9473ed029e42,1a4836d8cd52ac7f,1.0,28.0,27.0,27.0,27.0,-1,corecontrast@POST@/singlecore:0|,corecontrast@POST@/singlecore:40|
291,us-west-1,sslateingress,POST,/singlecore,6e08bb03456fb4bd1a4836d8cd52ac7f,1a4836d8cd52ac7f,nan,0.0,29.0,29.0,2.0,29.0,-1,sslateingress@POST@/singlecore:0|,sslateingress@POST@/singlecore:36|
292,us-west-1,corecontrast,POST,/singlecore,cddfbab27e47bca7ee3c7ce64a511276,8fef2998e1c2dffb,ee3c7ce64a511276,1.0,28.0,27.0,27.0,27.0,-1,corecontrast@POST@/singlecore:0|,corecontrast@POST@/singlecore:40|
293,us-west-1,sslateingress,POST,/singlecore,cddfbab27e47bca7ee3c7ce64a511276,ee3c7ce64a511276,nan,0.0,29.0,29.0,2.0,29.0,-1,sslateingress@POST@/singlecore:0|,sslateingress@POST@/singlecore:24|
294,us-west-1,corecontrast,POST,/singlecore,8c56f64ba8b235b4edabedea5602fe5b,623b9ba0d22ed0a1,edabedea5602fe5b,1.0,28.0,27.0,27.0,27.0,-1,corecontrast@POST@/singlecore:0|,corecontrast@POST@/singlecore:20|
295,us-west-1,sslateingress,POST,/singlecore,8c56f64ba8b235b4edabedea5602fe5b,edabedea5602fe5b,nan,0.0,29.0,29.0,2.0,29.0,-1,sslateingress@POST@/singlecore:0|,sslateingress@POST@/singlecore:32|
296,us-west-1,sslateingress,POST,/singlecore,226f2369fee32e725b5116812acd8e38,5b5116812acd8e38,nan,0.0,40.0,40.0,3.0,40.0,-1,sslateingress@POST@/singlecore:0|,sslateingress@POST@/singlecore:32|
297,us-west-1,corecontrast,POST,/singlecore,226f2369fee32e725b5116812acd8e38,83691ba189f69a6a,5b5116812acd8e38,1.0,38.0,37.0,37.0,37.0,-1,corecontrast@POST@/singlecore:0|,corecontrast@POST@/singlecore:28|
298,us-west-1,sslateingress,POST,/singlecore,47615a5b35d607bddfffa2ae87ea39c6,dfffa2ae87ea39c6,nan,0.0,28.0,28.0,1.0,28.0,-1,sslateingress@POST@/singlecore:0|,sslateingress@POST@/singlecore:24|
299,us-west-1,corecontrast,POST,/singlecore,47615a5b35d607bddfffa2ae87ea39c6,82a23cd6154f793b,dfffa2ae87ea39c6,1.0,28.0,27.0,27.0,27.0,-1,corecontrast@POST@/singlecore:0|,corecontrast@POST@/singlecore:36|
300,us-west-1,corecontrast,POST,/singlecore,0b1340ecb2047665bee97a09acd780da,5f1156eb739e45f9,bee97a09acd780da,1.0,27.0,26.0,26.0,26.0,-1,corecontrast@POST@/singlecore:0|,corecontrast@POST@/singlecore:44|
301,us-west-1,sslateingress,POST,/singlecore,0b1340ecb2047665bee97a09acd780da,bee97a09acd780da,nan,0.0,28.0,28.0,2.0,28.0,-1,sslateingress@POST@/singlecore:0|,sslateingress@POST@/singlecore:36|
302,us-west-1,corecontrast,POST,/singlecore,a9ec2911d29b99414cd3151b062945a7,8cb2195202c167b6,4cd3151b062945a7,1.0,28.0,27.0,27.0,27.0,-1,corecontrast@POST@/singlecore:0|,corecontrast@POST@/singlecore:44|
303,us-west-1,sslateingress,POST,/singlecore,a9ec2911d29b99414cd3151b062945a7,4cd3151b062945a7,nan,0.0,29.0,29.0,2.0,29.0,-1,sslateingress@POST@/singlecore:0|,sslateingress@POST@/singlecore:36|
304,us-west-1,corecontrast,POST,/singlecore,a911e9ce9fd3fb6870e10256b66ddd05,242de2c2d68371d8,70e10256b66ddd05,2.0,30.0,28.0,28.0,28.0,-1,corecontrast@POST@/singlecore:0|,corecontrast@POST@/singlecore:48|
305,us-west-1,sslateingress,POST,/singlecore,a911e9ce9fd3fb6870e10256b66ddd05,70e10256b66ddd05,nan,0.0,31.0,31.0,3.0,31.0,-1,sslateingress@POST@/singlecore:0|,sslateingress@POST@/singlecore:36|
306,us-west-1,corecontrast,POST,/singlecore,dc37018d6966af31e2894916bc53d6f0,64a9b6d20d26517f,e2894916bc53d6f0,1.0,29.0,28.0,28.0,28.0,-1,corecontrast@POST@/singlecore:0|,corecontrast@POST@/singlecore:24|
307,us-west-1,sslateingress,POST,/singlecore,dc37018d6966af31e2894916bc53d6f0,e2894916bc53d6f0,nan,0.0,29.0,29.0,1.0,29.0,-1,sslateingress@POST@/singlecore:0|,sslateingress@POST@/singlecore:28|
308,us-west-1,corecontrast,POST,/singlecore,cc5da97c0a2c18da00cbfd2979f64ba9,cb80479b75cba6a2,00cbfd2979f64ba9,1.0,30.0,29.0,29.0,29.0,-1,corecontrast@POST@/singlecore:0|,corecontrast@POST@/singlecore:24|
309,us-west-1,sslateingress,POST,/singlecore,cc5da97c0a2c18da00cbfd2979f64ba9,00cbfd2979f64ba9,nan,0.0,31.0,31.0,2.0,31.0,-1,sslateingress@POST@/singlecore:0|,sslateingress@POST@/singlecore:28|
310,us-west-1,corecontrast,POST,/singlecore,ff1de8da2ff13adaa37d43c3bf8701da,7ace8e292b8fc757,a37d43c3bf8701da,1.0,29.0,28.0,28.0,28.0,-1,corecontrast@POST@/singlecore:0|,corecontrast@POST@/singlecore:28|
311,us-west-1,sslateingress,POST,/singlecore,ff1de8da2ff13adaa37d43c3bf8701da,a37d43c3bf8701da,nan,0.0,30.0,30.0,2.0,30.0,-1,sslateingress@POST@/singlecore:0|,sslateingress@POST@/singlecore:36|
312,us-west-1,corecontrast,POST,/singlecore,89f13f03679491b89766b33dc0d3580e,01bc3d31da100354,9766b33dc0d3580e,1.0,29.0,28.0,28.0,28.0,-1,corecontrast@POST@/singlecore:0|,corecontrast@POST@/singlecore:28|
313,us-west-1,sslateingress,POST,/singlecore,89f13f03679491b89766b33dc0d3580e,9766b33dc0d3580e,nan,0.0,30.0,30.0,2.0,30.0,-1,sslateingress@POST@/singlecore:0|,sslateingress@POST@/singlecore:28|
314,us-west-1,sslateingress,POST,/singlecore,8769ea2c5059aca5272bcd14d2ddab2f,272bcd14d2ddab2f,nan,0.0,31.0,31.0,2.0,31.0,-1,sslateingress@POST@/singlecore:0|,sslateingress@POST@/singlecore:32|
315,us-west-1,corecontrast,POST,/singlecore,8769ea2c5059aca5272bcd14d2ddab2f,97b702612e21e578,272bcd14d2ddab2f,1.0,30.0,29.0,29.0,29.0,-1,corecontrast@POST@/singlecore:0|,corecontrast@POST@/singlecore:32|
316,us-west-1,sslateingress,POST,/singlecore,995751a5f61e289e1f6e8b14ef62353f,1f6e8b14ef62353f,nan,0.0,29.0,29.0,1.0,29.0,-1,sslateingress@POST@/singlecore:0|,sslateingress@POST@/singlecore:16|
317,us-west-1,corecontrast,POST,/singlecore,995751a5f61e289e1f6e8b14ef62353f,859729232a94ba28,1f6e8b14ef62353f,1.0,29.0,28.0,28.0,28.0,-1,corecontrast@POST@/singlecore:0|,corecontrast@POST@/singlecore:40|
318,us-west-1,sslateingress,POST,/singlecore,d762e784cd925fd00e21c18cc0934c26,0e21c18cc0934c26,nan,0.0,30.0,30.0,2.0,30.0,-1,sslateingress@POST@/singlecore:0|,sslateingress@POST@/singlecore:24|
319,us-west-1,corecontrast,POST,/singlecore,d762e784cd925fd00e21c18cc0934c26,7b030fbf9d5f7632,0e21c18cc0934c26,1.0,29.0,28.0,28.0,28.0,-1,corecontrast@POST@/singlecore:0|,corecontrast@POST@/singlecore:44|
320,us-west-1,corecontrast,POST,/singlecore,2fcfb71a2abd15b207b04a808b237b9f,f51ca23ebb136e19,07b04a808b237b9f,1.0,28.0,27.0,27.0,27.0,-1,corecontrast@POST@/singlecore:0|,corecontrast@POST@/singlecore:48|
321,us-west-1,sslateingress,POST,/singlecore,2fcfb71a2abd15b207b04a808b237b9f,07b04a808b237b9f,nan,0.0,29.0,29.0,2.0,29.0,-1,sslateingress@POST@/singlecore:0|,sslateingress@POST@/singlecore:28|
322,us-west-1,sslateingress,POST,/singlecore,28f4cb23fac4a351475a78eaa22b88e8,475a78eaa22b88e8,nan,0.0,28.0,28.0,1.0,28.0,-1,sslateingress@POST@/singlecore:0|,sslateingress@POST@/singlecore:36|
323,us-west-1,corecontrast,POST,/singlecore,28f4cb23fac4a351475a78eaa22b88e8,52e4b6910280e23d,475a78eaa22b88e8,1.0,28.0,27.0,27.0,27.0,-1,corecontrast@POST@/singlecore:0|,corecontrast@POST@/singlecore:28|
324,us-west-1,sslateingress,POST,/singlecore,998703b40de6e471e3eb06e9cf554701,e3eb06e9cf554701,nan,0.0,29.0,29.0,2.0,29.0,-1,sslateingress@POST@/singlecore:0|,sslateingress@POST@/singlecore:36|
325,us-west-1,corecontrast,POST,/singlecore,998703b40de6e471e3eb06e9cf554701,314a849d5265cd93,e3eb06e9cf554701,1.0,28.0,27.0,27.0,27.0,-1,corecontrast@POST@/singlecore:0|,corecontrast@POST@/singlecore:32|
326,us-west-1,corecontrast,POST,/singlecore,575de7a3c58f7d08c3dc1251ddaebc56,42147c53a20f9c44,c3dc1251ddaebc56,1.0,28.0,27.0,27.0,27.0,-1,corecontrast@POST@/singlecore:0|,corecontrast@POST@/singlecore:36|
327,us-west-1,sslateingress,POST,/singlecore,575de7a3c58f7d08c3dc1251ddaebc56,c3dc1251ddaebc56,nan,0.0,29.0,29.0,2.0,29.0,-1,sslateingress@POST@/singlecore:0|,sslateingress@POST@/singlecore:36|
328,us-west-1,corecontrast,POST,/singlecore,0e54071d99b0441618299ef9634555cd,d4650643324d9802,18299ef9634555cd,1.0,28.0,27.0,27.0,27.0,-1,corecontrast@POST@/singlecore:0|,corecontrast@POST@/singlecore:40|
329,us-west-1,sslateingress,POST,/singlecore,0e54071d99b0441618299ef9634555cd,18299ef9634555cd,nan,0.0,29.0,29.0,2.0,29.0,-1,sslateingress@POST@/singlecore:0|,sslateingress@POST@/singlecore:28|
330,us-west-1,sslateingress,POST,/singlecore,b2877953a226e738bbf3aeb13b73cfee,bbf3aeb13b73cfee,nan,0.0,31.0,31.0,2.0,31.0,-1,sslateingress@POST@/singlecore:0|,sslateingress@POST@/singlecore:24|
331,us-west-1,corecontrast,POST,/singlecore,b2877953a226e738bbf3aeb13b73cfee,170b82bdb0fba2b7,bbf3aeb13b73cfee,1.0,30.0,29.0,29.0,29.0,-1,corecontrast@POST@/singlecore:0|,corecontrast@POST@/singlecore:28|
332,us-west-1,sslateingress,POST,/singlecore,26e9fc8a696fcd426df1452e8192e188,6df1452e8192e188,nan,0.0,58.0,58.0,3.0,58.0,-1,sslateingress@POST@/singlecore:0|,sslateingress@POST@/singlecore:32|
333,us-west-1,corecontrast,POST,/singlecore,26e9fc8a696fcd426df1452e8192e188,9310f854896ce9cc,6df1452e8192e188,1.0,56.0,55.0,55.0,55.0,-1,corecontrast@POST@/singlecore:0|,corecontrast@POST@/singlecore:28|
334,us-west-1,corecontrast,POST,/singlecore,7c67f741a1896b52b97ab2eab559297f,2f64ce5bc5245acb,b97ab2eab559297f,1.0,30.0,29.0,29.0,29.0,-1,corecontrast@POST@/singlecore:0|,corecontrast@POST@/singlecore:36|
335,us-west-1,sslateingress,POST,/singlecore,7c67f741a1896b52b97ab2eab559297f,b97ab2eab559297f,nan,0.0,31.0,31.0,2.0,31.0,-1,sslateingress@POST@/singlecore:0|,sslateingress@POST@/singlecore:40|
336,us-west-1,corecontrast,POST,/singlecore,4a4c8e1b7e8a10d8ee70accf1125ee75,1e797563ec031172,ee70accf1125ee75,1.0,31.0,30.0,30.0,30.0,-1,corecontrast@POST@/singlecore:0|,corecontrast@POST@/singlecore:20|
337,us-west-1,sslateingress,POST,/singlecore,4a4c8e1b7e8a10d8ee70accf1125ee75,ee70accf1125ee75,nan,0.0,32.0,32.0,2.0,32.0,-1,sslateingress@POST@/singlecore:0|,sslateingress@POST@/singlecore:44|
338,us-west-1,corecontrast,POST,/singlecore,91541aaff747f017237d009da8d90ca9,e64a31cefff87e6d,237d009da8d90ca9,1.0,28.0,27.0,27.0,27.0,-1,corecontrast@POST@/singlecore:0|,corecontrast@POST@/singlecore:24|
339,us-west-1,sslateingress,POST,/singlecore,91541aaff747f017237d009da8d90ca9,237d009da8d90ca9,nan,0.0,29.0,29.0,2.0,29.0,-1,sslateingress@POST@/singlecore:0|,sslateingress@POST@/singlecore:40|
340,us-west-1,sslateingress,POST,/singlecore,7bc07ea31f9b49ac1c91bbdcc14a2f12,1c91bbdcc14a2f12,nan,0.0,30.0,30.0,3.0,30.0,-1,sslateingress@POST@/singlecore:0|,sslateingress@POST@/singlecore:24|
341,us-west-1,corecontrast,POST,/singlecore,7bc07ea31f9b49ac1c91bbdcc14a2f12,3a2a5369c6a98fc9,1c91bbdcc14a2f12,2.0,29.0,27.0,27.0,27.0,-1,corecontrast@POST@/singlecore:0|,corecontrast@POST@/singlecore:28|
342,us-west-1,sslateingress,POST,/singlecore,9450073c3ab129e5f8e1a0b83a28b0fa,f8e1a0b83a28b0fa,nan,0.0,30.0,30.0,2.0,30.0,-1,sslateingress@POST@/singlecore:0|,sslateingress@POST@/singlecore:20|
343,us-west-1,corecontrast,POST,/singlecore,9450073c3ab129e5f8e1a0b83a28b0fa,76b462c0ffe63f4c,f8e1a0b83a28b0fa,1.0,29.0,28.0,28.0,28.0,-1,corecontrast@POST@/singlecore:0|,corecontrast@POST@/singlecore:40|
344,us-west-1,sslateingress,POST,/singlecore,57acc815fc2c8321bac8d7e3f03f2e5b,bac8d7e3f03f2e5b,nan,0.0,33.0,33.0,3.0,33.0,-1,sslateingress@POST@/singlecore:0|,sslateingress@POST@/singlecore:20|
345,us-west-1,corecontrast,POST,/singlecore,57acc815fc2c8321bac8d7e3f03f2e5b,36ef9e9f3c20d895,bac8d7e3f03f2e5b,2.0,32.0,30.0,30.0,30.0,-1,corecontrast@POST@/singlecore:0|,corecontrast@POST@/singlecore:40|
346,us-west-1,sslateingress,POST,/singlecore,3ec054589a2739960dc8bff06f761bfd,0dc8bff06f761bfd,nan,0.0,33.0,33.0,3.0,33.0,-1,sslateingress@POST@/singlecore:0|,sslateingress@POST@/singlecore:28|
347,us-west-1,corecontrast,POST,/singlecore,3ec054589a2739960dc8bff06f761bfd,e90ce0364fb201c2,0dc8bff06f761bfd,1.0,31.0,30.0,30.0,30.0,-1,corecontrast@POST@/singlecore:0|,corecontrast@POST@/singlecore:16|
348,us-west-1,sslateingress,POST,/singlecore,9989c0fc0ac7a62782e54013f9146ee3,82e54013f9146ee3,nan,0.0,33.0,33.0,2.0,33.0,-1,sslateingress@POST@/singlecore:0|,sslateingress@POST@/singlecore:36|
349,us-west-1,corecontrast,POST,/singlecore,9989c0fc0ac7a62782e54013f9146ee3,b9e046705fdcfdc8,82e54013f9146ee3,1.0,32.0,31.0,31.0,31.0,-1,corecontrast@POST@/singlecore:0|,corecontrast@POST@/singlecore:16|
350,us-west-1,corecontrast,POST,/singlecore,7064b5807ae290cb65bb89ddcd7e4a59,20f2f2bab68255a2,65bb89ddcd7e4a59,0.0,28.0,28.0,28.0,28.0,-1,corecontrast@POST@/singlecore:0|,corecontrast@POST@/singlecore:20|
351,us-west-1,sslateingress,POST,/singlecore,7064b5807ae290cb65bb89ddcd7e4a59,65bb89ddcd7e4a59,nan,0.0,29.0,29.0,1.0,29.0,-1,sslateingress@POST@/singlecore:0|,sslateingress@POST@/singlecore:32|
352,us-west-1,sslateingress,POST,/singlecore,5611cfe9743ae21f62f7ab9327e90174,62f7ab9327e90174,nan,0.0,31.0,31.0,2.0,31.0,-1,sslateingress@POST@/singlecore:0|,sslateingress@POST@/singlecore:24|
353,us-west-1,corecontrast,POST,/singlecore,5611cfe9743ae21f62f7ab9327e90174,1b0812e9cf52fe36,62f7ab9327e90174,1.0,30.0,29.0,29.0,29.0,-1,corecontrast@POST@/singlecore:0|,corecontrast@POST@/singlecore:40|
354,us-west-1,sslateingress,POST,/singlecore,b321445514e4fa8e5ee40a9af11a5770,5ee40a9af11a5770,nan,0.0,33.0,33.0,3.0,33.0,-1,sslateingress@POST@/singlecore:0|,sslateingress@POST@/singlecore:32|
355,us-west-1,corecontrast,POST,/singlecore,b321445514e4fa8e5ee40a9af11a5770,fcc7fb6fd0d1f8fa,5ee40a9af11a5770,2.0,32.0,30.0,30.0,30.0,-1,corecontrast@POST@/singlecore:0|,corecontrast@POST@/singlecore:28|
356,us-west-1,sslateingress,POST,/singlecore,9fe2e7c8f7ba6e7c0926474f95047887,0926474f95047887,nan,0.0,29.0,29.0,2.0,29.0,-1,sslateingress@POST@/singlecore:0|,sslateingress@POST@/singlecore:32|
357,us-west-1,corecontrast,POST,/singlecore,9fe2e7c8f7ba6e7c0926474f95047887,20c0e60cde0156c5,0926474f95047887,1.0,28.0,27.0,27.0,27.0,-1,corecontrast@POST@/singlecore:0|,corecontrast@POST@/singlecore:32|
358,us-west-1,sslateingress,POST,/singlecore,3e9652b46f0632a4411e9ba0c1537465,411e9ba0c1537465,nan,0.0,30.0,30.0,2.0,30.0,-1,sslateingress@POST@/singlecore:0|,sslateingress@POST@/singlecore:40|
359,us-west-1,corecontrast,POST,/singlecore,3e9652b46f0632a4411e9ba0c1537465,4988dd8cf3af6140,411e9ba0c1537465,1.0,29.0,28.0,28.0,28.0,-1,corecontrast@POST@/singlecore:0|,corecontrast@POST@/singlecore:32|
360,us-west-1,sslateingress,POST,/singlecore,81c804c55019cd20eb020208d713de44,eb020208d713de44,nan,0.0,32.0,32.0,2.0,32.0,-1,sslateingress@POST@/singlecore:0|,sslateingress@POST@/singlecore:40|
361,us-west-1,corecontrast,POST,/singlecore,81c804c55019cd20eb020208d713de44,11859217cccf8da4,eb020208d713de44,1.0,31.0,30.0,30.0,30.0,-1,corecontrast@POST@/singlecore:0|,corecontrast@POST@/singlecore:40|
362,us-west-1,sslateingress,POST,/singlecore,bd8c269df3027de7689f37b555f24661,689f37b555f24661,nan,0.0,30.0,30.0,2.0,30.0,-1,sslateingress@POST@/singlecore:0|,sslateingress@POST@/singlecore:44|
363,us-west-1,corecontrast,POST,/singlecore,bd8c269df3027de7689f37b555f24661,4aa93e2d4d9b2d75,689f37b555f24661,1.0,29.0,28.0,28.0,28.0,-1,corecontrast@POST@/singlecore:0|,corecontrast@POST@/singlecore:32|
364,us-west-1,corecontrast,POST,/singlecore,55c717662a5c41440507c714840e28a7,e34d56c5c2cec7f8,0507c714840e28a7,1.0,29.0,28.0,28.0,28.0,-1,corecontrast@POST@/singlecore:0|,corecontrast@POST@/singlecore:16|
365,us-west-1,sslateingress,POST,/singlecore,55c717662a5c41440507c714840e28a7,0507c714840e28a7,nan,0.0,30.0,30.0,2.0,30.0,-1,sslateingress@POST@/singlecore:0|,sslateingress@POST@/singlecore:40|
366,us-west-1,sslateingress,POST,/singlecore,4eeb959c54d5f5b04489a9f975f8c51e,4489a9f975f8c51e,nan,0.0,30.0,30.0,2.0,30.0,-1,sslateingress@POST@/singlecore:0|,sslateingress@POST@/singlecore:28|
367,us-west-1,corecontrast,POST,/singlecore,4eeb959c54d5f5b04489a9f975f8c51e,b33b107cfca27066,4489a9f975f8c51e,2.0,30.0,28.0,28.0,28.0,-1,corecontrast@POST@/singlecore:0|,corecontrast@POST@/singlecore:28|
368,us-west-1,sslateingress,POST,/singlecore,01f861d696296fa762d4f0be0486512f,62d4f0be0486512f,nan,0.0,30.0,30.0,2.0,30.0,-1,sslateingress@POST@/singlecore:0|,sslateingress@POST@/singlecore:32|
369,us-west-1,corecontrast,POST,/singlecore,01f861d696296fa762d4f0be0486512f,f0e2313bca670713,62d4f0be0486512f,1.0,29.0,28.0,28.0,28.0,-1,corecontrast@POST@/singlecore:0|,corecontrast@POST@/singlecore:12|
370,us-west-1,corecontrast,POST,/singlecore,31fe2e2505e8b36363bc03a1627fd87a,d0a8ae16da47ff9a,63bc03a1627fd87a,1.0,28.0,27.0,27.0,27.0,-1,corecontrast@POST@/singlecore:0|,corecontrast@POST@/singlecore:28|
371,us-west-1,sslateingress,POST,/singlecore,31fe2e2505e8b36363bc03a1627fd87a,63bc03a1627fd87a,nan,0.0,29.0,29.0,2.0,29.0,-1,sslateingress@POST@/singlecore:0|,sslateingress@POST@/singlecore:20|
372,us-west-1,corecontrast,POST,/singlecore,20a131bf2a1eadfd8a30004bec41fdb9,3705acfa61b71887,8a30004bec41fdb9,1.0,28.0,27.0,27.0,27.0,-1,corecontrast@POST@/singlecore:0|,corecontrast@POST@/singlecore:28|
373,us-west-1,sslateingress,POST,/singlecore,20a131bf2a1eadfd8a30004bec41fdb9,8a30004bec41fdb9,nan,0.0,29.0,29.0,2.0,29.0,-1,sslateingress@POST@/singlecore:0|,sslateingress@POST@/singlecore:20|
374,us-west-1,corecontrast,POST,/singlecore,f1df20194ab2fa2918405eb273c6aad3,c8be8fd11aad5b5d,18405eb273c6aad3,1.0,27.0,26.0,26.0,26.0,-1,corecontrast@POST@/singlecore:0|,corecontrast@POST@/singlecore:28|
375,us-west-1,sslateingress,POST,/singlecore,f1df20194ab2fa2918405eb273c6aad3,18405eb273c6aad3,nan,0.0,28.0,28.0,2.0,28.0,-1,sslateingress@POST@/singlecore:0|,sslateingress@POST@/singlecore:32|
376,us-west-1,corecontrast,POST,/singlecore,05a46a8e0ea8e3fbe07c9dc783ca81aa,86ba03573371f079,e07c9dc783ca81aa,1.0,27.0,26.0,26.0,26.0,-1,corecontrast@POST@/singlecore:0|,corecontrast@POST@/singlecore:36|
377,us-west-1,sslateingress,POST,/singlecore,05a46a8e0ea8e3fbe07c9dc783ca81aa,e07c9dc783ca81aa,nan,0.0,28.0,28.0,2.0,28.0,-1,sslateingress@POST@/singlecore:0|,sslateingress@POST@/singlecore:16|
378,us-west-1,sslateingress,POST,/singlecore,ac85053f34850fd437c3dcd787f49c22,37c3dcd787f49c22,nan,0.0,183.0,183.0,2.0,183.0,-1,sslateingress@POST@/singlecore:0|,sslateingress@POST@/singlecore:32|
379,us-west-1,corecontrast,POST,/singlecore,ac85053f34850fd437c3dcd787f49c22,7128a994ff48b4a6,37c3dcd787f49c22,1.0,182.0,181.0,181.0,181.0,-1,corecontrast@POST@/singlecore:0|,corecontrast@POST@/singlecore:32|
380,us-west-1,corecontrast,POST,/singlecore,fbdbc858f2bca2e50e78ea9504ff3e06,e18af7c7561ed194,0e78ea9504ff3e06,1.0,29.0,28.0,28.0,28.0,-1,corecontrast@POST@/singlecore:0|,corecontrast@POST@/singlecore:24|
381,us-west-1,sslateingress,POST,/singlecore,fbdbc858f2bca2e50e78ea9504ff3e06,0e78ea9504ff3e06,nan,0.0,30.0,30.0,2.0,30.0,-1,sslateingress@POST@/singlecore:0|,sslateingress@POST@/singlecore:24|
382,us-west-1,corecontrast,POST,/singlecore,cb75300b1dae78f042e040e60f94e149,d148aea568b9c25d,42e040e60f94e149,1.0,30.0,29.0,29.0,29.0,-1,corecontrast@POST@/singlecore:0|,corecontrast@POST@/singlecore:20|
383,us-west-1,sslateingress,POST,/singlecore,cb75300b1dae78f042e040e60f94e149,42e040e60f94e149,nan,0.0,31.0,31.0,2.0,31.0,-1,sslateingress@POST@/singlecore:0|,sslateingress@POST@/singlecore:40|
384,us-west-1,sslateingress,POST,/singlecore,b83bba1f62cd9672cece692c3a7033f8,cece692c3a7033f8,nan,0.0,30.0,30.0,3.0,30.0,-1,sslateingress@POST@/singlecore:0|,sslateingress@POST@/singlecore:20|
385,us-west-1,corecontrast,POST,/singlecore,b83bba1f62cd9672cece692c3a7033f8,42522cc5472c4775,cece692c3a7033f8,2.0,29.0,27.0,27.0,27.0,-1,corecontrast@POST@/singlecore:0|,corecontrast@POST@/singlecore:24|
386,us-west-1,corecontrast,POST,/singlecore,243a8c451081996a55dc0d6315da900a,c1a93a25856e345d,55dc0d6315da900a,1.0,30.0,29.0,29.0,29.0,-1,corecontrast@POST@/singlecore:0|,corecontrast@POST@/singlecore:36|
387,us-west-1,sslateingress,POST,/singlecore,243a8c451081996a55dc0d6315da900a,55dc0d6315da900a,nan,0.0,31.0,31.0,2.0,31.0,-1,sslateingress@POST@/singlecore:0|,sslateingress@POST@/singlecore:28|
388,us-west-1,corecontrast,POST,/singlecore,3057016e5adb4fbc51da05c3b7b3d6cb,3e1aa18b3ccff21a,51da05c3b7b3d6cb,1.0,33.0,32.0,32.0,32.0,-1,corecontrast@POST@/singlecore:0|,corecontrast@POST@/singlecore:40|
389,us-west-1,sslateingress,POST,/singlecore,3057016e5adb4fbc51da05c3b7b3d6cb,51da05c3b7b3d6cb,nan,0.0,34.0,34.0,2.0,34.0,-1,sslateingress@POST@/singlecore:0|,sslateingress@POST@/singlecore:32|
390,us-west-1,corecontrast,POST,/singlecore,157b58d3237b39100c318a34738ce821,f135e257f24a578f,0c318a34738ce821,1.0,29.0,28.0,28.0,28.0,-1,corecontrast@POST@/singlecore:0|,corecontrast@POST@/singlecore:16|
391,us-west-1,sslateingress,POST,/singlecore,157b58d3237b39100c318a34738ce821,0c318a34738ce821,nan,0.0,29.0,29.0,1.0,29.0,-1,sslateingress@POST@/singlecore:0|,sslateingress@POST@/singlecore:36|
392,us-west-1,corecontrast,POST,/singlecore,64797976bcc7d8e92eac8e6f44a5dfa4,6dd4c1487b4f5dc1,2eac8e6f44a5dfa4,1.0,29.0,28.0,28.0,28.0,-1,corecontrast@POST@/singlecore:0|,corecontrast@POST@/singlecore:24|
393,us-west-1,sslateingress,POST,/singlecore,64797976bcc7d8e92eac8e6f44a5dfa4,2eac8e6f44a5dfa4,nan,0.0,30.0,30.0,2.0,30.0,-1,sslateingress@POST@/singlecore:0|,sslateingress@POST@/singlecore:20|
394,us-west-1,sslateingress,POST,/singlecore,c84c3ce9359bd82abe9334c5d2a730b1,be9334c5d2a730b1,nan,0.0,29.0,29.0,2.0,29.0,-1,sslateingress@POST@/singlecore:0|,sslateingress@POST@/singlecore:32|
395,us-west-1,corecontrast,POST,/singlecore,c84c3ce9359bd82abe9334c5d2a730b1,31e877cc865730f0,be9334c5d2a730b1,1.0,28.0,27.0,27.0,27.0,-1,corecontrast@POST@/singlecore:0|,corecontrast@POST@/singlecore:28|
396,us-west-1,corecontrast,POST,/singlecore,d98c62f9e4ae0e4bb5c3a6c6773db8a9,ab13d8c4cf701fc2,b5c3a6c6773db8a9,1.0,28.0,27.0,27.0,27.0,-1,corecontrast@POST@/singlecore:0|,corecontrast@POST@/singlecore:36|
397,us-west-1,sslateingress,POST,/singlecore,d98c62f9e4ae0e4bb5c3a6c6773db8a9,b5c3a6c6773db8a9,nan,0.0,29.0,29.0,2.0,29.0,-1,sslateingress@POST@/singlecore:0|,sslateingress@POST@/singlecore:28|
398,us-west-1,corecontrast,POST,/singlecore,0a605aa8029dcd8c683b7c9e0e2e2b37,0061db864b9858d2,683b7c9e0e2e2b37,1.0,30.0,29.0,29.0,29.0,-1,corecontrast@POST@/singlecore:0|,corecontrast@POST@/singlecore:32|
399,us-west-1,sslateingress,POST,/singlecore,0a605aa8029dcd8c683b7c9e0e2e2b37,683b7c9e0e2e2b37,nan,0.0,31.0,31.0,2.0,31.0,-1,sslateingress@POST@/singlecore:0|,sslateingress@POST@/singlecore:28|
400,us-west-1,corecontrast,POST,/singlecore,bc943619ff02a71a93904aec2c523c18,d995d6f0a8a2e920,93904aec2c523c18,1.0,28.0,27.0,27.0,27.0,-1,corecontrast@POST@/singlecore:0|,corecontrast@POST@/singlecore:20|
401,us-west-1,sslateingress,POST,/singlecore,bc943619ff02a71a93904aec2c523c18,93904aec2c523c18,nan,0.0,29.0,29.0,2.0,29.0,-1,sslateingress@POST@/singlecore:0|,sslateingress@POST@/singlecore:36|
402,us-west-1,corecontrast,POST,/singlecore,005c12c9880bc24fa4e30bbfb2f14f1d,6d09699ee81141e6,a4e30bbfb2f14f1d,1.0,29.0,28.0,28.0,28.0,-1,corecontrast@POST@/singlecore:0|,corecontrast@POST@/singlecore:28|
403,us-west-1,sslateingress,POST,/singlecore,005c12c9880bc24fa4e30bbfb2f14f1d,a4e30bbfb2f14f1d,nan,0.0,29.0,29.0,1.0,29.0,-1,sslateingress@POST@/singlecore:0|,sslateingress@POST@/singlecore:32|
404,us-west-1,corecontrast,POST,/singlecore,08adc6330d9cff7835b71536fb6bb177,edd45794709012b5,35b71536fb6bb177,1.0,28.0,27.0,27.0,27.0,-1,corecontrast@POST@/singlecore:0|,corecontrast@POST@/singlecore:32|
405,us-west-1,sslateingress,POST,/singlecore,08adc6330d9cff7835b71536fb6bb177,35b71536fb6bb177,nan,0.0,29.0,29.0,2.0,29.0,-1,sslateingress@POST@/singlecore:0|,sslateingress@POST@/singlecore:28|
406,us-west-1,sslateingress,POST,/singlecore,da2d89834792e31600fb857f481b9752,00fb857f481b9752,nan,0.0,28.0,28.0,2.0,28.0,-1,sslateingress@POST@/singlecore:0|,sslateingress@POST@/singlecore:28|
407,us-west-1,corecontrast,POST,/singlecore,da2d89834792e31600fb857f481b9752,48f0346d2062df9c,00fb857f481b9752,1.0,27.0,26.0,26.0,26.0,-1,corecontrast@POST@/singlecore:0|,corecontrast@POST@/singlecore:36|
408,us-west-1,corecontrast,POST,/singlecore,ed2176ee331d5c3f6b7c33c6dc5e35d2,76ff79a67edafe8d,6b7c33c6dc5e35d2,1.0,28.0,27.0,27.0,27.0,-1,corecontrast@POST@/singlecore:0|,corecontrast@POST@/singlecore:24|
409,us-west-1,sslateingress,POST,/singlecore,ed2176ee331d5c3f6b7c33c6dc5e35d2,6b7c33c6dc5e35d2,nan,0.0,29.0,29.0,2.0,29.0,-1,sslateingress@POST@/singlecore:0|,sslateingress@POST@/singlecore:32|
410,us-west-1,corecontrast,POST,/singlecore,e2b3df9085665fe71cfc8535ebeb701e,a3e31151ddd02f44,1cfc8535ebeb701e,1.0,28.0,27.0,27.0,27.0,-1,corecontrast@POST@/singlecore:0|,corecontrast@POST@/singlecore:16|
411,us-west-1,sslateingress,POST,/singlecore,e2b3df9085665fe71cfc8535ebeb701e,1cfc8535ebeb701e,nan,0.0,29.0,29.0,2.0,29.0,-1,sslateingress@POST@/singlecore:0|,sslateingress@POST@/singlecore:28|
412,us-west-1,sslateingress,POST,/singlecore,3c06cde189c7c429d18f7404341ec7d9,d18f7404341ec7d9,nan,0.0,31.0,31.0,2.0,31.0,-1,sslateingress@POST@/singlecore:0|,sslateingress@POST@/singlecore:32|
413,us-west-1,corecontrast,POST,/singlecore,3c06cde189c7c429d18f7404341ec7d9,aace6f8cfbe45207,d18f7404341ec7d9,1.0,30.0,29.0,29.0,29.0,-1,corecontrast@POST@/singlecore:0|,corecontrast@POST@/singlecore:28|
414,us-west-1,sslateingress,POST,/singlecore,6b26e06eb394d983456cea14fa1ed4d5,456cea14fa1ed4d5,nan,0.0,28.0,28.0,1.0,28.0,-1,sslateingress@POST@/singlecore:0|,sslateingress@POST@/singlecore:28|
415,us-west-1,corecontrast,POST,/singlecore,6b26e06eb394d983456cea14fa1ed4d5,32f512b70dd534b8,456cea14fa1ed4d5,1.0,28.0,27.0,27.0,27.0,-1,corecontrast@POST@/singlecore:0|,corecontrast@POST@/singlecore:32|
416,us-west-1,sslateingress,POST,/singlecore,401b389335120842ba753724c20a42df,ba753724c20a42df,nan,0.0,34.0,34.0,3.0,34.0,-1,sslateingress@POST@/singlecore:0|,sslateingress@POST@/singlecore:12|
417,us-west-1,corecontrast,POST,/singlecore,401b389335120842ba753724c20a42df,551f2bfc79bce3d1,ba753724c20a42df,2.0,33.0,31.0,31.0,31.0,-1,corecontrast@POST@/singlecore:0|,corecontrast@POST@/singlecore:28|
418,us-west-1,sslateingress,POST,/singlecore,fd6fe64de6b58ed653db2dd160d9627a,53db2dd160d9627a,nan,0.0,212.0,212.0,2.0,212.0,-1,sslateingress@POST@/singlecore:0|,sslateingress@POST@/singlecore:44|
419,us-west-1,corecontrast,POST,/singlecore,fd6fe64de6b58ed653db2dd160d9627a,efbd121c54313ed5,53db2dd160d9627a,1.0,211.0,210.0,210.0,210.0,-1,corecontrast@POST@/singlecore:0|,corecontrast@POST@/singlecore:24|
420,us-west-1,sslateingress,POST,/singlecore,1b687f232cb50cfdf3f98c5baa10b3ee,f3f98c5baa10b3ee,nan,0.0,30.0,30.0,3.0,30.0,-1,sslateingress@POST@/singlecore:0|,sslateingress@POST@/singlecore:32|
421,us-west-1,corecontrast,POST,/singlecore,1b687f232cb50cfdf3f98c5baa10b3ee,5b525354f5e561b1,f3f98c5baa10b3ee,2.0,29.0,27.0,27.0,27.0,-1,corecontrast@POST@/singlecore:0|,corecontrast@POST@/singlecore:28|
422,us-west-1,sslateingress,POST,/singlecore,ee8c1c6710f0ebcf32fd8d1348361414,32fd8d1348361414,nan,0.0,29.0,29.0,2.0,29.0,-1,sslateingress@POST@/singlecore:0|,sslateingress@POST@/singlecore:12|
423,us-west-1,corecontrast,POST,/singlecore,ee8c1c6710f0ebcf32fd8d1348361414,c683a2d7d8843399,32fd8d1348361414,1.0,28.0,27.0,27.0,27.0,-1,corecontrast@POST@/singlecore:0|,corecontrast@POST@/singlecore:28|
424,us-west-1,corecontrast,POST,/singlecore,f4e189418a123bef3716fb8fe1ad9281,0d1d178c40107959,3716fb8fe1ad9281,1.0,28.0,27.0,27.0,27.0,-1,corecontrast@POST@/singlecore:0|,corecontrast@POST@/singlecore:20|
425,us-west-1,sslateingress,POST,/singlecore,f4e189418a123bef3716fb8fe1ad9281,3716fb8fe1ad9281,nan,0.0,29.0,29.0,2.0,29.0,-1,sslateingress@POST@/singlecore:0|,sslateingress@POST@/singlecore:24|
426,us-west-1,corecontrast,POST,/singlecore,93c3f5de9a6b0663e96afeee47f10fb4,ad421c9f719661c3,e96afeee47f10fb4,1.0,27.0,26.0,26.0,26.0,-1,corecontrast@POST@/singlecore:0|,corecontrast@POST@/singlecore:40|
427,us-west-1,sslateingress,POST,/singlecore,93c3f5de9a6b0663e96afeee47f10fb4,e96afeee47f10fb4,nan,0.0,28.0,28.0,2.0,28.0,-1,sslateingress@POST@/singlecore:0|,sslateingress@POST@/singlecore:32|
