,Variable Name,LB,UB
0,"compute_latency[('corecontrast@POST@/multicore#us_south_1#start',_'corecontrast@POST@/multicore#us_south_1#end')]",0.0,inf
1,"compute_latency[('corecontrast@POST@/singlecore#us_south_1#start',_'corecontrast@POST@/singlecore#us_south_1#end')]",0.0,inf
2,"compute_latency[('sslateingress@POST@/singlecore#us_south_1#start',_'sslateingress@POST@/singlecore#us_south_1#end')]",0.0,inf
3,"compute_latency[('sslateingress@POST@/multicore#us_south_1#start',_'sslateingress@POST@/multicore#us_south_1#end')]",0.0,inf
4,"compute_latency[('sslateingress@POST@/singlecore#us_east_1#start',_'sslateingress@POST@/singlecore#us_east_1#end')]",0.0,inf
5,"compute_latency[('sslateingress@POST@/multicore#us_east_1#start',_'sslateingress@POST@/multicore#us_east_1#end')]",0.0,inf
6,"compute_latency[('corecontrast@POST@/multicore#us_east_1#start',_'corecontrast@POST@/multicore#us_east_1#end')]",0.0,inf
7,"compute_latency[('corecontrast@POST@/singlecore#us_east_1#start',_'corecontrast@POST@/singlecore#us_east_1#end')]",0.0,inf
8,"compute_latency[('sslateingress@POST@/singlecore#us_central_1#start',_'sslateingress@POST@/singlecore#us_central_1#end')]",0.0,inf
9,"compute_latency[('sslateingress@POST@/multicore#us_central_1#start',_'sslateingress@POST@/multicore#us_central_1#end')]",0.0,inf
10,"compute_latency[('corecontrast@POST@/multicore#us_central_1#start',_'corecontrast@POST@/multicore#us_central_1#end')]",0.0,inf
11,"compute_latency[('corecontrast@POST@/singlecore#us_central_1#start',_'corecontrast@POST@/singlecore#us_central_1#end')]",0.0,inf
12,"compute_latency[('sslateingress@POST@/singlecore#us_west_1#start',_'sslateingress@POST@/singlecore#us_west_1#end')]",0.0,inf
13,"compute_latency[('sslateingress@POST@/multicore#us_west_1#start',_'sslateingress@POST@/multicore#us_west_1#end')]",0.0,inf
14,"compute_latency[('corecontrast@POST@/multicore#us_west_1#start',_'corecontrast@POST@/multicore#us_west_1#end')]",0.0,inf
15,"compute_latency[('corecontrast@POST@/singlecore#us_west_1#start',_'corecontrast@POST@/singlecore#us_west_1#end')]",0.0,inf
16,"load_for_compute_edge[('corecontrast@POST@/multicore#us_south_1#start',_'corecontrast@POST@/multicore#us_south_1#end')]",0.0,100000.0
17,"load_for_compute_edge[('corecontrast@POST@/singlecore#us_south_1#start',_'corecontrast@POST@/singlecore#us_south_1#end')]",0.0,100000.0
18,"load_for_compute_edge[('sslateingress@POST@/singlecore#us_south_1#start',_'sslateingress@POST@/singlecore#us_south_1#end')]",0.0,100000.0
19,"load_for_compute_edge[('sslateingress@POST@/multicore#us_south_1#start',_'sslateingress@POST@/multicore#us_south_1#end')]",0.0,100000.0
20,"load_for_compute_edge[('sslateingress@POST@/singlecore#us_east_1#start',_'sslateingress@POST@/singlecore#us_east_1#end')]",0.0,100000.0
21,"load_for_compute_edge[('sslateingress@POST@/multicore#us_east_1#start',_'sslateingress@POST@/multicore#us_east_1#end')]",0.0,100000.0
22,"load_for_compute_edge[('corecontrast@POST@/multicore#us_east_1#start',_'corecontrast@POST@/multicore#us_east_1#end')]",0.0,100000.0
23,"load_for_compute_edge[('corecontrast@POST@/singlecore#us_east_1#start',_'corecontrast@POST@/singlecore#us_east_1#end')]",0.0,100000.0
24,"load_for_compute_edge[('sslateingress@POST@/singlecore#us_central_1#start',_'sslateingress@POST@/singlecore#us_central_1#end')]",0.0,100000.0
25,"load_for_compute_edge[('sslateingress@POST@/multicore#us_central_1#start',_'sslateingress@POST@/multicore#us_central_1#end')]",0.0,100000.0
26,"load_for_compute_edge[('corecontrast@POST@/multicore#us_central_1#start',_'corecontrast@POST@/multicore#us_central_1#end')]",0.0,100000.0
27,"load_for_compute_edge[('corecontrast@POST@/singlecore#us_central_1#start',_'corecontrast@POST@/singlecore#us_central_1#end')]",0.0,100000.0
28,"load_for_compute_edge[('sslateingress@POST@/singlecore#us_west_1#start',_'sslateingress@POST@/singlecore#us_west_1#end')]",0.0,100000.0
29,"load_for_compute_edge[('sslateingress@POST@/multicore#us_west_1#start',_'sslateingress@POST@/multicore#us_west_1#end')]",0.0,100000.0
30,"load_for_compute_edge[('corecontrast@POST@/multicore#us_west_1#start',_'corecontrast@POST@/multicore#us_west_1#end')]",0.0,100000.0
31,"load_for_compute_edge[('corecontrast@POST@/singlecore#us_west_1#start',_'corecontrast@POST@/singlecore#us_west_1#end')]",0.0,100000.0
32,"normalized_load_for_compute_edge[('corecontrast@POST@/multicore#us_south_1#start',_'corecontrast@POST@/multicore#us_south_1#end')]",0.0,100000.0
33,"normalized_load_for_compute_edge[('corecontrast@POST@/singlecore#us_south_1#start',_'corecontrast@POST@/singlecore#us_south_1#end')]",0.0,100000.0
34,"normalized_load_for_compute_edge[('sslateingress@POST@/singlecore#us_south_1#start',_'sslateingress@POST@/singlecore#us_south_1#end')]",0.0,100000.0
35,"normalized_load_for_compute_edge[('sslateingress@POST@/multicore#us_south_1#start',_'sslateingress@POST@/multicore#us_south_1#end')]",0.0,100000.0
36,"normalized_load_for_compute_edge[('sslateingress@POST@/singlecore#us_east_1#start',_'sslateingress@POST@/singlecore#us_east_1#end')]",0.0,100000.0
37,"normalized_load_for_compute_edge[('sslateingress@POST@/multicore#us_east_1#start',_'sslateingress@POST@/multicore#us_east_1#end')]",0.0,100000.0
38,"normalized_load_for_compute_edge[('corecontrast@POST@/multicore#us_east_1#start',_'corecontrast@POST@/multicore#us_east_1#end')]",0.0,100000.0
39,"normalized_load_for_compute_edge[('corecontrast@POST@/singlecore#us_east_1#start',_'corecontrast@POST@/singlecore#us_east_1#end')]",0.0,100000.0
40,"normalized_load_for_compute_edge[('sslateingress@POST@/singlecore#us_central_1#start',_'sslateingress@POST@/singlecore#us_central_1#end')]",0.0,100000.0
41,"normalized_load_for_compute_edge[('sslateingress@POST@/multicore#us_central_1#start',_'sslateingress@POST@/multicore#us_central_1#end')]",0.0,100000.0
42,"normalized_load_for_compute_edge[('corecontrast@POST@/multicore#us_central_1#start',_'corecontrast@POST@/multicore#us_central_1#end')]",0.0,100000.0
43,"normalized_load_for_compute_edge[('corecontrast@POST@/singlecore#us_central_1#start',_'corecontrast@POST@/singlecore#us_central_1#end')]",0.0,100000.0
44,"normalized_load_for_compute_edge[('sslateingress@POST@/singlecore#us_west_1#start',_'sslateingress@POST@/singlecore#us_west_1#end')]",0.0,100000.0
45,"normalized_load_for_compute_edge[('sslateingress@POST@/multicore#us_west_1#start',_'sslateingress@POST@/multicore#us_west_1#end')]",0.0,100000.0
46,"normalized_load_for_compute_edge[('corecontrast@POST@/multicore#us_west_1#start',_'corecontrast@POST@/multicore#us_west_1#end')]",0.0,100000.0
47,"normalized_load_for_compute_edge[('corecontrast@POST@/singlecore#us_west_1#start',_'corecontrast@POST@/singlecore#us_west_1#end')]",0.0,100000.0
48,"load_for_compute_edge2[('corecontrast@POST@/multicore#us_south_1#start',_'corecontrast@POST@/multicore#us_south_1#end')]",0.0,inf
49,"load_for_compute_edge2[('corecontrast@POST@/singlecore#us_south_1#start',_'corecontrast@POST@/singlecore#us_south_1#end')]",0.0,inf
50,"load_for_compute_edge2[('sslateingress@POST@/singlecore#us_south_1#start',_'sslateingress@POST@/singlecore#us_south_1#end')]",0.0,inf
51,"load_for_compute_edge2[('sslateingress@POST@/multicore#us_south_1#start',_'sslateingress@POST@/multicore#us_south_1#end')]",0.0,inf
52,"load_for_compute_edge2[('sslateingress@POST@/singlecore#us_east_1#start',_'sslateingress@POST@/singlecore#us_east_1#end')]",0.0,inf
53,"load_for_compute_edge2[('sslateingress@POST@/multicore#us_east_1#start',_'sslateingress@POST@/multicore#us_east_1#end')]",0.0,inf
54,"load_for_compute_edge2[('corecontrast@POST@/multicore#us_east_1#start',_'corecontrast@POST@/multicore#us_east_1#end')]",0.0,inf
55,"load_for_compute_edge2[('corecontrast@POST@/singlecore#us_east_1#start',_'corecontrast@POST@/singlecore#us_east_1#end')]",0.0,inf
56,"load_for_compute_edge2[('sslateingress@POST@/singlecore#us_central_1#start',_'sslateingress@POST@/singlecore#us_central_1#end')]",0.0,inf
57,"load_for_compute_edge2[('sslateingress@POST@/multicore#us_central_1#start',_'sslateingress@POST@/multicore#us_central_1#end')]",0.0,inf
58,"load_for_compute_edge2[('corecontrast@POST@/multicore#us_central_1#start',_'corecontrast@POST@/multicore#us_central_1#end')]",0.0,inf
59,"load_for_compute_edge2[('corecontrast@POST@/singlecore#us_central_1#start',_'corecontrast@POST@/singlecore#us_central_1#end')]",0.0,inf
60,"load_for_compute_edge2[('sslateingress@POST@/singlecore#us_west_1#start',_'sslateingress@POST@/singlecore#us_west_1#end')]",0.0,inf
61,"load_for_compute_edge2[('sslateingress@POST@/multicore#us_west_1#start',_'sslateingress@POST@/multicore#us_west_1#end')]",0.0,inf
62,"load_for_compute_edge2[('corecontrast@POST@/multicore#us_west_1#start',_'corecontrast@POST@/multicore#us_west_1#end')]",0.0,inf
63,"load_for_compute_edge2[('corecontrast@POST@/singlecore#us_west_1#start',_'corecontrast@POST@/singlecore#us_west_1#end')]",0.0,inf
64,"network_latency[('sslateingress@POST@/singlecore#us_central_1#end',_'corecontrast@POST@/singlecore#us_central_1#start')]",0.0,0.0
65,"network_latency[('sslateingress@POST@/singlecore#us_central_1#end',_'corecontrast@POST@/singlecore#us_west_1#start')]",30.0,30.0
66,"network_latency[('sslateingress@POST@/singlecore#us_central_1#end',_'corecontrast@POST@/singlecore#us_south_1#start')]",20.0,20.0
67,"network_latency[('sslateingress@POST@/singlecore#us_central_1#end',_'corecontrast@POST@/singlecore#us_east_1#start')]",40.0,40.0
68,"network_latency[('sslateingress@POST@/singlecore#us_west_1#end',_'corecontrast@POST@/singlecore#us_central_1#start')]",30.0,30.0
69,"network_latency[('sslateingress@POST@/singlecore#us_west_1#end',_'corecontrast@POST@/singlecore#us_west_1#start')]",0.0,0.0
70,"network_latency[('sslateingress@POST@/singlecore#us_west_1#end',_'corecontrast@POST@/singlecore#us_south_1#start')]",40.0,40.0
71,"network_latency[('sslateingress@POST@/singlecore#us_west_1#end',_'corecontrast@POST@/singlecore#us_east_1#start')]",66.0,66.0
72,"network_latency[('sslateingress@POST@/singlecore#us_south_1#end',_'corecontrast@POST@/singlecore#us_central_1#start')]",20.0,20.0
73,"network_latency[('sslateingress@POST@/singlecore#us_south_1#end',_'corecontrast@POST@/singlecore#us_west_1#start')]",40.0,40.0
74,"network_latency[('sslateingress@POST@/singlecore#us_south_1#end',_'corecontrast@POST@/singlecore#us_south_1#start')]",0.0,0.0
75,"network_latency[('sslateingress@POST@/singlecore#us_south_1#end',_'corecontrast@POST@/singlecore#us_east_1#start')]",30.0,30.0
76,"network_latency[('sslateingress@POST@/singlecore#us_east_1#end',_'corecontrast@POST@/singlecore#us_central_1#start')]",40.0,40.0
77,"network_latency[('sslateingress@POST@/singlecore#us_east_1#end',_'corecontrast@POST@/singlecore#us_west_1#start')]",66.0,66.0
78,"network_latency[('sslateingress@POST@/singlecore#us_east_1#end',_'corecontrast@POST@/singlecore#us_south_1#start')]",30.0,30.0
79,"network_latency[('sslateingress@POST@/singlecore#us_east_1#end',_'corecontrast@POST@/singlecore#us_east_1#start')]",0.0,0.0
80,"network_latency[('sslateingress@POST@/multicore#us_central_1#end',_'corecontrast@POST@/multicore#us_central_1#start')]",0.0,0.0
81,"network_latency[('sslateingress@POST@/multicore#us_central_1#end',_'corecontrast@POST@/multicore#us_west_1#start')]",30.0,30.0
82,"network_latency[('sslateingress@POST@/multicore#us_central_1#end',_'corecontrast@POST@/multicore#us_south_1#start')]",20.0,20.0
83,"network_latency[('sslateingress@POST@/multicore#us_central_1#end',_'corecontrast@POST@/multicore#us_east_1#start')]",40.0,40.0
84,"network_latency[('sslateingress@POST@/multicore#us_west_1#end',_'corecontrast@POST@/multicore#us_central_1#start')]",30.0,30.0
85,"network_latency[('sslateingress@POST@/multicore#us_west_1#end',_'corecontrast@POST@/multicore#us_west_1#start')]",0.0,0.0
86,"network_latency[('sslateingress@POST@/multicore#us_west_1#end',_'corecontrast@POST@/multicore#us_south_1#start')]",40.0,40.0
87,"network_latency[('sslateingress@POST@/multicore#us_west_1#end',_'corecontrast@POST@/multicore#us_east_1#start')]",66.0,66.0
88,"network_latency[('sslateingress@POST@/multicore#us_south_1#end',_'corecontrast@POST@/multicore#us_central_1#start')]",20.0,20.0
89,"network_latency[('sslateingress@POST@/multicore#us_south_1#end',_'corecontrast@POST@/multicore#us_west_1#start')]",40.0,40.0
90,"network_latency[('sslateingress@POST@/multicore#us_south_1#end',_'corecontrast@POST@/multicore#us_south_1#start')]",0.0,0.0
91,"network_latency[('sslateingress@POST@/multicore#us_south_1#end',_'corecontrast@POST@/multicore#us_east_1#start')]",30.0,30.0
92,"network_latency[('sslateingress@POST@/multicore#us_east_1#end',_'corecontrast@POST@/multicore#us_central_1#start')]",40.0,40.0
93,"network_latency[('sslateingress@POST@/multicore#us_east_1#end',_'corecontrast@POST@/multicore#us_west_1#start')]",66.0,66.0
94,"network_latency[('sslateingress@POST@/multicore#us_east_1#end',_'corecontrast@POST@/multicore#us_south_1#start')]",30.0,30.0
95,"network_latency[('sslateingress@POST@/multicore#us_east_1#end',_'corecontrast@POST@/multicore#us_east_1#start')]",0.0,0.0
96,"network_latency[('SOURCE#XXXX#end',_'sslateingress@POST@/singlecore#us_central_1#start')]",0.0,0.0
97,"network_latency[('SOURCE#XXXX#end',_'sslateingress@POST@/singlecore#us_west_1#start')]",0.0,0.0
98,"network_latency[('SOURCE#XXXX#end',_'sslateingress@POST@/singlecore#us_south_1#start')]",0.0,0.0
99,"network_latency[('SOURCE#XXXX#end',_'sslateingress@POST@/singlecore#us_east_1#start')]",0.0,0.0
100,"network_latency[('SOURCE#XXXX#end',_'sslateingress@POST@/multicore#us_central_1#start')]",0.0,0.0
101,"network_latency[('SOURCE#XXXX#end',_'sslateingress@POST@/multicore#us_west_1#start')]",0.0,0.0
102,"network_latency[('SOURCE#XXXX#end',_'sslateingress@POST@/multicore#us_south_1#start')]",0.0,0.0
103,"network_latency[('SOURCE#XXXX#end',_'sslateingress@POST@/multicore#us_east_1#start')]",0.0,0.0
104,"load_for_network_edge[('sslateingress@POST@/singlecore#us_central_1#end',_'corecontrast@POST@/singlecore#us_central_1#start')]",0.0,inf
105,"load_for_network_edge[('sslateingress@POST@/singlecore#us_central_1#end',_'corecontrast@POST@/singlecore#us_west_1#start')]",0.0,inf
106,"load_for_network_edge[('sslateingress@POST@/singlecore#us_central_1#end',_'corecontrast@POST@/singlecore#us_south_1#start')]",0.0,inf
107,"load_for_network_edge[('sslateingress@POST@/singlecore#us_central_1#end',_'corecontrast@POST@/singlecore#us_east_1#start')]",0.0,inf
108,"load_for_network_edge[('sslateingress@POST@/singlecore#us_west_1#end',_'corecontrast@POST@/singlecore#us_central_1#start')]",0.0,inf
109,"load_for_network_edge[('sslateingress@POST@/singlecore#us_west_1#end',_'corecontrast@POST@/singlecore#us_west_1#start')]",0.0,inf
110,"load_for_network_edge[('sslateingress@POST@/singlecore#us_west_1#end',_'corecontrast@POST@/singlecore#us_south_1#start')]",0.0,inf
111,"load_for_network_edge[('sslateingress@POST@/singlecore#us_west_1#end',_'corecontrast@POST@/singlecore#us_east_1#start')]",0.0,inf
112,"load_for_network_edge[('sslateingress@POST@/singlecore#us_south_1#end',_'corecontrast@POST@/singlecore#us_central_1#start')]",0.0,inf
113,"load_for_network_edge[('sslateingress@POST@/singlecore#us_south_1#end',_'corecontrast@POST@/singlecore#us_west_1#start')]",0.0,inf
114,"load_for_network_edge[('sslateingress@POST@/singlecore#us_south_1#end',_'corecontrast@POST@/singlecore#us_south_1#start')]",0.0,inf
115,"load_for_network_edge[('sslateingress@POST@/singlecore#us_south_1#end',_'corecontrast@POST@/singlecore#us_east_1#start')]",0.0,inf
116,"load_for_network_edge[('sslateingress@POST@/singlecore#us_east_1#end',_'corecontrast@POST@/singlecore#us_central_1#start')]",0.0,inf
117,"load_for_network_edge[('sslateingress@POST@/singlecore#us_east_1#end',_'corecontrast@POST@/singlecore#us_west_1#start')]",0.0,inf
118,"load_for_network_edge[('sslateingress@POST@/singlecore#us_east_1#end',_'corecontrast@POST@/singlecore#us_south_1#start')]",0.0,inf
119,"load_for_network_edge[('sslateingress@POST@/singlecore#us_east_1#end',_'corecontrast@POST@/singlecore#us_east_1#start')]",0.0,inf
120,"load_for_network_edge[('sslateingress@POST@/multicore#us_central_1#end',_'corecontrast@POST@/multicore#us_central_1#start')]",0.0,inf
121,"load_for_network_edge[('sslateingress@POST@/multicore#us_central_1#end',_'corecontrast@POST@/multicore#us_west_1#start')]",0.0,inf
122,"load_for_network_edge[('sslateingress@POST@/multicore#us_central_1#end',_'corecontrast@POST@/multicore#us_south_1#start')]",0.0,inf
123,"load_for_network_edge[('sslateingress@POST@/multicore#us_central_1#end',_'corecontrast@POST@/multicore#us_east_1#start')]",0.0,inf
124,"load_for_network_edge[('sslateingress@POST@/multicore#us_west_1#end',_'corecontrast@POST@/multicore#us_central_1#start')]",0.0,inf
125,"load_for_network_edge[('sslateingress@POST@/multicore#us_west_1#end',_'corecontrast@POST@/multicore#us_west_1#start')]",0.0,inf
126,"load_for_network_edge[('sslateingress@POST@/multicore#us_west_1#end',_'corecontrast@POST@/multicore#us_south_1#start')]",0.0,inf
127,"load_for_network_edge[('sslateingress@POST@/multicore#us_west_1#end',_'corecontrast@POST@/multicore#us_east_1#start')]",0.0,inf
128,"load_for_network_edge[('sslateingress@POST@/multicore#us_south_1#end',_'corecontrast@POST@/multicore#us_central_1#start')]",0.0,inf
129,"load_for_network_edge[('sslateingress@POST@/multicore#us_south_1#end',_'corecontrast@POST@/multicore#us_west_1#start')]",0.0,inf
130,"load_for_network_edge[('sslateingress@POST@/multicore#us_south_1#end',_'corecontrast@POST@/multicore#us_south_1#start')]",0.0,inf
131,"load_for_network_edge[('sslateingress@POST@/multicore#us_south_1#end',_'corecontrast@POST@/multicore#us_east_1#start')]",0.0,inf
132,"load_for_network_edge[('sslateingress@POST@/multicore#us_east_1#end',_'corecontrast@POST@/multicore#us_central_1#start')]",0.0,inf
133,"load_for_network_edge[('sslateingress@POST@/multicore#us_east_1#end',_'corecontrast@POST@/multicore#us_west_1#start')]",0.0,inf
134,"load_for_network_edge[('sslateingress@POST@/multicore#us_east_1#end',_'corecontrast@POST@/multicore#us_south_1#start')]",0.0,inf
135,"load_for_network_edge[('sslateingress@POST@/multicore#us_east_1#end',_'corecontrast@POST@/multicore#us_east_1#start')]",0.0,inf
136,"load_for_network_edge[('SOURCE#XXXX#end',_'sslateingress@POST@/singlecore#us_central_1#start')]",0.0,inf
137,"load_for_network_edge[('SOURCE#XXXX#end',_'sslateingress@POST@/singlecore#us_west_1#start')]",0.0,inf
138,"load_for_network_edge[('SOURCE#XXXX#end',_'sslateingress@POST@/singlecore#us_south_1#start')]",0.0,inf
139,"load_for_network_edge[('SOURCE#XXXX#end',_'sslateingress@POST@/singlecore#us_east_1#start')]",0.0,inf
140,"load_for_network_edge[('SOURCE#XXXX#end',_'sslateingress@POST@/multicore#us_central_1#start')]",0.0,inf
141,"load_for_network_edge[('SOURCE#XXXX#end',_'sslateingress@POST@/multicore#us_west_1#start')]",0.0,inf
142,"load_for_network_edge[('SOURCE#XXXX#end',_'sslateingress@POST@/multicore#us_south_1#start')]",0.0,inf
143,"load_for_network_edge[('SOURCE#XXXX#end',_'sslateingress@POST@/multicore#us_east_1#start')]",0.0,inf
144,"network_egress_cost[('sslateingress@POST@/singlecore#us_central_1#end',_'corecontrast@POST@/singlecore#us_central_1#start')]",0.0,0.0
145,"network_egress_cost[('sslateingress@POST@/singlecore#us_central_1#end',_'corecontrast@POST@/singlecore#us_west_1#start')]",1024.0,1024.0
146,"network_egress_cost[('sslateingress@POST@/singlecore#us_central_1#end',_'corecontrast@POST@/singlecore#us_south_1#start')]",1024.0,1024.0
147,"network_egress_cost[('sslateingress@POST@/singlecore#us_central_1#end',_'corecontrast@POST@/singlecore#us_east_1#start')]",1024.0,1024.0
148,"network_egress_cost[('sslateingress@POST@/singlecore#us_west_1#end',_'corecontrast@POST@/singlecore#us_central_1#start')]",1024.0,1024.0
149,"network_egress_cost[('sslateingress@POST@/singlecore#us_west_1#end',_'corecontrast@POST@/singlecore#us_west_1#start')]",0.0,0.0
150,"network_egress_cost[('sslateingress@POST@/singlecore#us_west_1#end',_'corecontrast@POST@/singlecore#us_south_1#start')]",1024.0,1024.0
151,"network_egress_cost[('sslateingress@POST@/singlecore#us_west_1#end',_'corecontrast@POST@/singlecore#us_east_1#start')]",1024.0,1024.0
152,"network_egress_cost[('sslateingress@POST@/singlecore#us_south_1#end',_'corecontrast@POST@/singlecore#us_central_1#start')]",1024.0,1024.0
153,"network_egress_cost[('sslateingress@POST@/singlecore#us_south_1#end',_'corecontrast@POST@/singlecore#us_west_1#start')]",1024.0,1024.0
154,"network_egress_cost[('sslateingress@POST@/singlecore#us_south_1#end',_'corecontrast@POST@/singlecore#us_south_1#start')]",0.0,0.0
155,"network_egress_cost[('sslateingress@POST@/singlecore#us_south_1#end',_'corecontrast@POST@/singlecore#us_east_1#start')]",1024.0,1024.0
156,"network_egress_cost[('sslateingress@POST@/singlecore#us_east_1#end',_'corecontrast@POST@/singlecore#us_central_1#start')]",1024.0,1024.0
157,"network_egress_cost[('sslateingress@POST@/singlecore#us_east_1#end',_'corecontrast@POST@/singlecore#us_west_1#start')]",1024.0,1024.0
158,"network_egress_cost[('sslateingress@POST@/singlecore#us_east_1#end',_'corecontrast@POST@/singlecore#us_south_1#start')]",1024.0,1024.0
159,"network_egress_cost[('sslateingress@POST@/singlecore#us_east_1#end',_'corecontrast@POST@/singlecore#us_east_1#start')]",0.0,0.0
160,"network_egress_cost[('sslateingress@POST@/multicore#us_central_1#end',_'corecontrast@POST@/multicore#us_central_1#start')]",0.0,0.0
161,"network_egress_cost[('sslateingress@POST@/multicore#us_central_1#end',_'corecontrast@POST@/multicore#us_west_1#start')]",1024.0,1024.0
162,"network_egress_cost[('sslateingress@POST@/multicore#us_central_1#end',_'corecontrast@POST@/multicore#us_south_1#start')]",1024.0,1024.0
163,"network_egress_cost[('sslateingress@POST@/multicore#us_central_1#end',_'corecontrast@POST@/multicore#us_east_1#start')]",1024.0,1024.0
164,"network_egress_cost[('sslateingress@POST@/multicore#us_west_1#end',_'corecontrast@POST@/multicore#us_central_1#start')]",1024.0,1024.0
165,"network_egress_cost[('sslateingress@POST@/multicore#us_west_1#end',_'corecontrast@POST@/multicore#us_west_1#start')]",0.0,0.0
166,"network_egress_cost[('sslateingress@POST@/multicore#us_west_1#end',_'corecontrast@POST@/multicore#us_south_1#start')]",1024.0,1024.0
167,"network_egress_cost[('sslateingress@POST@/multicore#us_west_1#end',_'corecontrast@POST@/multicore#us_east_1#start')]",1024.0,1024.0
168,"network_egress_cost[('sslateingress@POST@/multicore#us_south_1#end',_'corecontrast@POST@/multicore#us_central_1#start')]",1024.0,1024.0
169,"network_egress_cost[('sslateingress@POST@/multicore#us_south_1#end',_'corecontrast@POST@/multicore#us_west_1#start')]",1024.0,1024.0
170,"network_egress_cost[('sslateingress@POST@/multicore#us_south_1#end',_'corecontrast@POST@/multicore#us_south_1#start')]",0.0,0.0
171,"network_egress_cost[('sslateingress@POST@/multicore#us_south_1#end',_'corecontrast@POST@/multicore#us_east_1#start')]",1024.0,1024.0
172,"network_egress_cost[('sslateingress@POST@/multicore#us_east_1#end',_'corecontrast@POST@/multicore#us_central_1#start')]",1024.0,1024.0
173,"network_egress_cost[('sslateingress@POST@/multicore#us_east_1#end',_'corecontrast@POST@/multicore#us_west_1#start')]",1024.0,1024.0
174,"network_egress_cost[('sslateingress@POST@/multicore#us_east_1#end',_'corecontrast@POST@/multicore#us_south_1#start')]",1024.0,1024.0
175,"network_egress_cost[('sslateingress@POST@/multicore#us_east_1#end',_'corecontrast@POST@/multicore#us_east_1#start')]",0.0,0.0
176,"network_egress_cost[('SOURCE#XXXX#end',_'sslateingress@POST@/singlecore#us_central_1#start')]",0.0,0.0
177,"network_egress_cost[('SOURCE#XXXX#end',_'sslateingress@POST@/singlecore#us_west_1#start')]",0.0,0.0
178,"network_egress_cost[('SOURCE#XXXX#end',_'sslateingress@POST@/singlecore#us_south_1#start')]",0.0,0.0
179,"network_egress_cost[('SOURCE#XXXX#end',_'sslateingress@POST@/singlecore#us_east_1#start')]",0.0,0.0
180,"network_egress_cost[('SOURCE#XXXX#end',_'sslateingress@POST@/multicore#us_central_1#start')]",0.0,0.0
181,"network_egress_cost[('SOURCE#XXXX#end',_'sslateingress@POST@/multicore#us_west_1#start')]",0.0,0.0
182,"network_egress_cost[('SOURCE#XXXX#end',_'sslateingress@POST@/multicore#us_south_1#start')]",0.0,0.0
183,"network_egress_cost[('SOURCE#XXXX#end',_'sslateingress@POST@/multicore#us_east_1#start')]",0.0,0.0
